file,label,icme_start_time,icme_end_time,duration_hours,n_timesteps,speed_mean_kms
icme/ICME_Wind_2025-07-26_16-44.csv,1,2025-07-26 16:44:00,2025-07-27 17:40:00,24.93,25,475.2
quiet/QUIET_Wind_2025-07-25_14-48.csv,0,2025-07-25 14:48:00,2025-07-26 15:44:00,24.93,25,535.9
icme/ICME_Wind_2025-07-03_04-52.csv,1,2025-07-03 04:52:00,2025-07-04 19:06:00,38.23,39,365.5
quiet/QUIET_Wind_2025-07-01_13-38.csv,0,2025-07-01 13:38:00,2025-07-03 03:52:00,38.23,38,398.5
icme/ICME_Wind_2025-06-12_19-34.csv,1,2025-06-12 19:34:00,2025-06-13 06:02:00,10.47,11,439.1
quiet/QUIET_Wind_2025-06-12_08-06.csv,0,2025-06-12 08:06:00,2025-06-12 18:34:00,10.47,10,415.8
icme/ICME_Wind_2025-06-07_00-12.csv,1,2025-06-07 00:12:00,2025-06-08 09:28:00,33.27,33,420.3
quiet/QUIET_Wind_2025-06-05_13-56.csv,0,2025-06-05 13:56:00,2025-06-06 23:12:00,33.27,34,501.7
icme/ICME_Wind_2025-06-04_13-44.csv,1,2025-06-04 13:44:00,2025-06-05 04:38:00,14.9,15,721.3
quiet/QUIET_Wind_2025-06-03_21-50.csv,0,2025-06-03 21:50:00,2025-06-04 12:44:00,14.9,15,552.7
icme/ICME_Wind_2025-06-02_20-00.csv,1,2025-06-02 20:00:00,2025-06-03 14:52:00,18.87,19,604.3
quiet/QUIET_Wind_2025-06-02_00-08.csv,0,2025-06-02 00:08:00,2025-06-02 19:00:00,18.87,19,713.6
icme/ICME_Wind_2025-06-02_03-56.csv,1,2025-06-02 03:56:00,2025-06-02 08:04:00,4.13,5,752.8
quiet/QUIET_Wind_2025-06-01_20-56.csv,0,2025-06-01 20:56:00,2025-06-02 02:56:00,6.0,6,888.7
icme/ICME_Wind_2025-06-01_18-54.csv,1,2025-06-01 18:54:00,2025-06-02 00:32:00,5.63,6,937.5
quiet/QUIET_Wind_2025-06-01_11-54.csv,0,2025-06-01 11:54:00,2025-06-01 17:54:00,6.0,6,1024.3
icme/ICME_Wind_2025-06-01_12-06.csv,1,2025-06-01 12:06:00,2025-06-01 18:48:00,6.7,6,994.0
quiet/QUIET_Wind_2025-06-01_04-24.csv,0,2025-06-01 04:24:00,2025-06-01 11:06:00,6.7,7,988.7
icme/ICME_Wind_2025-06-01_05-22.csv,1,2025-06-01 05:22:00,2025-06-01 12:06:00,6.73,7,1041.6
quiet/QUIET_Wind_2025-05-31_21-38.csv,0,2025-05-31 21:38:00,2025-06-01 04:22:00,6.73,7,691.9
icme/ICME_Wind_2025-05-27_22-28.csv,1,2025-05-27 22:28:00,2025-05-28 20:32:00,22.07,22,516.9
quiet/QUIET_Wind_2025-05-26_23-24.csv,0,2025-05-26 23:24:00,2025-05-27 21:28:00,22.07,22,430.5
icme/ICME_Wind_2025-05-26_13-04.csv,1,2025-05-26 13:04:00,2025-05-27 09:06:00,20.03,20,433.0
quiet/QUIET_Wind_2025-05-25_16-02.csv,0,2025-05-25 16:02:00,2025-05-26 12:04:00,20.03,20,397.2
icme/ICME_Wind_2025-04-15_16-50.csv,1,2025-04-15 16:50:00,2025-04-16 19:58:00,27.13,27,537.5
quiet/QUIET_Wind_2025-04-14_12-42.csv,0,2025-04-14 12:42:00,2025-04-15 15:50:00,27.13,27,400.7
icme/ICME_Wind_2025-04-01_17-48.csv,1,2025-04-01 17:48:00,2025-04-02 23:50:00,30.03,30,439.9
quiet/QUIET_Wind_2025-03-31_10-46.csv,0,2025-03-31 10:46:00,2025-04-01 16:48:00,30.03,30,433.4
icme/ICME_Wind_2025-02-02_16-06.csv,1,2025-02-02 16:06:00,2025-02-03 23:16:00,31.17,31,492.5
quiet/QUIET_Wind_2025-02-01_07-56.csv,0,2025-02-01 07:56:00,2025-02-02 15:06:00,31.17,32,615.8
icme/ICME_Wind_2025-01-03_23-40.csv,1,2025-01-03 23:40:00,2025-01-04 16:42:00,17.03,17,502.2
quiet/QUIET_Wind_2025-01-03_05-38.csv,0,2025-01-03 05:38:00,2025-01-03 22:40:00,17.03,17,429.6
icme/ICME_Wind_2025-01-01_03-32.csv,1,2025-01-01 03:32:00,2025-01-01 16:18:00,12.77,13,512.4
quiet/QUIET_Wind_2024-12-31_13-46.csv,0,2024-12-31 13:46:00,2025-01-01 02:32:00,12.77,13,420.2
icme/ICME_Wind_2024-12-31_15-48.csv,1,2024-12-31 15:48:00,2025-01-01 01:40:00,9.87,10,429.3
quiet/QUIET_Wind_2024-12-31_04-56.csv,0,2024-12-31 04:56:00,2024-12-31 14:48:00,9.87,10,353.7
icme/ICME_Wind_2024-12-17_04-28.csv,1,2024-12-17 04:28:00,2024-12-17 14:16:00,9.8,10,612.0
quiet/QUIET_Wind_2024-12-16_17-40.csv,0,2024-12-16 17:40:00,2024-12-17 03:28:00,9.8,10,381.3
icme/ICME_Wind_2024-12-07_23-14.csv,1,2024-12-07 23:14:00,2024-12-08 17:50:00,18.6,18,354.9
quiet/QUIET_Wind_2024-12-07_03-38.csv,0,2024-12-07 03:38:00,2024-12-07 22:14:00,18.6,19,361.2
icme/ICME_Wind_2024-11-29_02-14.csv,1,2024-11-29 02:14:00,2024-11-29 17:08:00,14.9,15,393.7
quiet/QUIET_Wind_2024-11-28_10-20.csv,0,2024-11-28 10:20:00,2024-11-29 01:14:00,14.9,15,345.1
icme/ICME_Wind_2024-11-14_02-56.csv,1,2024-11-14 02:56:00,2024-11-14 15:30:00,12.57,13,366.7
quiet/QUIET_Wind_2024-11-13_13-22.csv,0,2024-11-13 13:22:00,2024-11-14 01:56:00,12.57,12,328.2
icme/ICME_Wind_2024-11-09_22-00.csv,1,2024-11-09 22:00:00,2024-11-10 10:58:00,12.97,13,406.8
quiet/QUIET_Wind_2024-11-09_08-02.csv,0,2024-11-09 08:02:00,2024-11-09 21:00:00,12.97,13,399.4
icme/ICME_Wind_2024-11-08_22-00.csv,1,2024-11-08 22:00:00,2024-11-09 11:50:00,13.83,14,398.1
quiet/QUIET_Wind_2024-11-08_07-10.csv,0,2024-11-08 07:10:00,2024-11-08 21:00:00,13.83,14,369.9
icme/ICME_Wind_2024-11-08_09-56.csv,1,2024-11-08 09:56:00,2024-11-08 19:28:00,9.53,10,373.2
quiet/QUIET_Wind_2024-11-07_23-24.csv,0,2024-11-07 23:24:00,2024-11-08 08:56:00,9.53,9,355.0
icme/ICME_Wind_2024-10-26_15-30.csv,1,2024-10-26 15:30:00,2024-10-27 09:27:00,17.95,18,445.1
quiet/QUIET_Wind_2024-10-25_20-33.csv,0,2024-10-25 20:33:00,2024-10-26 14:30:00,17.95,18,317.9
icme/ICME_Wind_2024-10-10_14-58.csv,1,2024-10-10 14:58:00,2024-10-11 10:20:00,19.37,20,682.8
quiet/QUIET_Wind_2024-10-09_18-36.csv,0,2024-10-09 18:36:00,2024-10-10 13:58:00,19.37,19,415.5
icme/ICME_Wind_2024-10-07_22-10.csv,1,2024-10-07 22:10:00,2024-10-08 08:44:00,10.57,10,422.1
quiet/QUIET_Wind_2024-10-07_10-36.csv,0,2024-10-07 10:36:00,2024-10-07 21:10:00,10.57,11,443.1
icme/ICME_Wind_2024-10-07_11-36.csv,1,2024-10-07 11:36:00,2024-10-07 20:20:00,8.73,9,443.9
quiet/QUIET_Wind_2024-10-07_01-52.csv,0,2024-10-07 01:52:00,2024-10-07 10:36:00,8.73,9,466.9
icme/ICME_Wind_2024-10-06_07-08.csv,1,2024-10-06 07:08:00,2024-10-07 00:56:00,17.8,17,484.9
quiet/QUIET_Wind_2024-10-05_12-20.csv,0,2024-10-05 12:20:00,2024-10-06 06:08:00,17.8,18,381.8
icme/ICME_Wind_2024-09-16_22-56.csv,1,2024-09-16 22:56:00,2024-09-17 11:58:00,13.03,13,535.1
quiet/QUIET_Wind_2024-09-16_08-54.csv,0,2024-09-16 08:54:00,2024-09-16 21:56:00,13.03,13,448.8
icme/ICME_Wind_2024-09-12_08-28.csv,1,2024-09-12 08:28:00,2024-09-13 00:16:00,15.8,16,517.1
quiet/QUIET_Wind_2024-09-11_15-40.csv,0,2024-09-11 15:40:00,2024-09-12 07:28:00,15.8,16,373.4
icme/ICME_Wind_2024-09-12_03-04.csv,1,2024-09-12 03:04:00,2024-09-12 08:20:00,5.27,5,406.6
quiet/QUIET_Wind_2024-09-11_20-04.csv,0,2024-09-11 20:04:00,2024-09-12 02:04:00,6.0,6,356.0
icme/ICME_Wind_2024-08-31_12-10.csv,1,2024-08-31 12:10:00,2024-09-01 09:16:00,21.1,21,384.0
quiet/QUIET_Wind_2024-08-30_14-04.csv,0,2024-08-30 14:04:00,2024-08-31 11:10:00,21.1,21,361.7
icme/ICME_Wind_2024-08-27_07-30.csv,1,2024-08-27 07:30:00,2024-08-29 16:00:00,56.5,57,311.2
quiet/QUIET_Wind_2024-08-25_06-30.csv,0,2024-08-25 06:30:00,2024-08-27 06:30:00,48.0,48,305.1
icme/ICME_Wind_2024-08-17_13-34.csv,1,2024-08-17 13:34:00,2024-08-18 08:40:00,19.1,19,443.0
quiet/QUIET_Wind_2024-08-16_17-28.csv,0,2024-08-16 17:28:00,2024-08-17 12:34:00,19.1,19,318.1
icme/ICME_Wind_2024-08-10_12-02.csv,1,2024-08-10 12:02:00,2024-08-13 18:26:00,78.4,78,460.1
quiet/QUIET_Wind_2024-08-08_11-02.csv,0,2024-08-08 11:02:00,2024-08-10 11:02:00,48.0,48,376.6
icme/ICME_Wind_2024-08-04_21-24.csv,1,2024-08-04 21:24:00,2024-08-05 05:30:00,8.1,8,397.4
quiet/QUIET_Wind_2024-08-04_12-18.csv,0,2024-08-04 12:18:00,2024-08-04 20:24:00,8.1,8,376.8
icme/ICME_Wind_2024-08-04_08-24.csv,1,2024-08-04 08:24:00,2024-08-04 16:00:00,7.6,8,384.2
quiet/QUIET_Wind_2024-08-03_23-48.csv,0,2024-08-03 23:48:00,2024-08-04 07:24:00,7.6,8,346.4
icme/ICME_Wind_2024-07-23_19-48.csv,1,2024-07-23 19:48:00,2024-07-24 13:10:00,17.37,18,313.2
quiet/QUIET_Wind_2024-07-23_01-26.csv,0,2024-07-23 01:26:00,2024-07-23 18:48:00,17.37,17,283.8
icme/ICME_Wind_2024-07-21_14-20.csv,1,2024-07-21 14:20:00,2024-07-22 21:10:00,30.83,31,307.5
quiet/QUIET_Wind_2024-07-20_06-30.csv,0,2024-07-20 06:30:00,2024-07-21 13:20:00,30.83,31,336.1
icme/ICME_Wind_2024-07-15_20-36.csv,1,2024-07-15 20:36:00,2024-07-16 15:52:00,19.27,19,349.3
quiet/QUIET_Wind_2024-07-15_00-20.csv,0,2024-07-15 00:20:00,2024-07-15 19:36:00,19.27,19,305.5
icme/ICME_Wind_2024-06-15_10-54.csv,1,2024-06-15 10:54:00,2024-06-16 12:00:00,25.1,26,395.0
icme/ICME_Wind_2024-06-06_01-44.csv,1,2024-06-06 01:44:00,2024-06-07 02:00:00,24.27,25,369.8
quiet/QUIET_Wind_2024-06-05_00-28.csv,0,2024-06-05 00:28:00,2024-06-06 00:44:00,24.27,24,422.0
icme/ICME_Wind_2024-05-31_01-00.csv,1,2024-05-31 01:00:00,2024-06-01 09:30:00,32.5,33,349.6
quiet/QUIET_Wind_2024-05-29_15-30.csv,0,2024-05-29 15:30:00,2024-05-31 00:00:00,32.5,33,344.2
icme/ICME_Wind_2024-05-30_12-30.csv,1,2024-05-30 12:30:00,2024-05-30 20:12:00,7.7,8,354.8
quiet/QUIET_Wind_2024-05-30_03-48.csv,0,2024-05-30 03:48:00,2024-05-30 11:30:00,7.7,8,338.4
icme/ICME_Wind_2024-05-29_21-48.csv,1,2024-05-29 21:48:00,2024-05-30 09:38:00,11.83,12,341.2
quiet/QUIET_Wind_2024-05-29_08-58.csv,0,2024-05-29 08:58:00,2024-05-29 20:48:00,11.83,12,338.2
icme/ICME_Wind_2024-05-29_05-34.csv,1,2024-05-29 05:34:00,2024-05-29 21:44:00,16.17,16,338.6
quiet/QUIET_Wind_2024-05-28_12-24.csv,0,2024-05-28 12:24:00,2024-05-29 04:34:00,16.17,16,327.9
icme/ICME_Wind_2024-05-17_04-30.csv,1,2024-05-17 04:30:00,2024-05-17 11:28:00,6.97,7,389.3
quiet/QUIET_Wind_2024-05-16_20-32.csv,0,2024-05-16 20:32:00,2024-05-17 03:30:00,6.97,7,383.7
icme/ICME_Wind_2024-05-16_04-24.csv,1,2024-05-16 04:24:00,2024-05-17 03:10:00,22.77,23,420.8
quiet/QUIET_Wind_2024-05-15_04-38.csv,0,2024-05-15 04:38:00,2024-05-16 03:24:00,22.77,23,459.0
icme/ICME_Wind_2024-05-11_10-41.csv,1,2024-05-11 10:41:00,2024-05-11 14:31:00,3.83,4,785.5
quiet/QUIET_Wind_2024-05-11_03-41.csv,0,2024-05-11 03:41:00,2024-05-11 09:41:00,6.0,6,697.5
icme/ICME_Wind_2024-05-11_07-34.csv,1,2024-05-11 07:34:00,2024-05-11 09:30:00,1.93,2,700.0
quiet/QUIET_Wind_2024-05-11_00-34.csv,0,2024-05-11 00:34:00,2024-05-11 06:34:00,6.0,6,719.0
icme/ICME_Wind_2024-05-11_00-02.csv,1,2024-05-11 00:02:00,2024-05-11 07:27:00,7.42,7,714.7
quiet/QUIET_Wind_2024-05-10_15-37.csv,0,2024-05-10 15:37:00,2024-05-10 23:02:00,7.42,8,656.1
icme/ICME_Wind_2024-05-10_21-39.csv,1,2024-05-10 21:39:00,2024-05-11 01:20:00,3.68,4,735.8
quiet/QUIET_Wind_2024-05-10_14-39.csv,0,2024-05-10 14:39:00,2024-05-10 20:39:00,6.0,6,589.7
icme/ICME_Wind_2024-05-10_16-37.csv,1,2024-05-10 16:37:00,2024-05-10 22:04:00,5.45,6,676.7
quiet/QUIET_Wind_2024-05-10_09-37.csv,0,2024-05-10 09:37:00,2024-05-10 15:37:00,6.0,6,427.5
icme/ICME_Wind_2024-04-30_11-46.csv,1,2024-04-30 11:46:00,2024-05-02 03:00:00,39.23,40,378.2
quiet/QUIET_Wind_2024-04-28_19-32.csv,0,2024-04-28 19:32:00,2024-04-30 10:46:00,39.23,39,434.3
icme/ICME_Wind_2024-04-15_17-32.csv,1,2024-04-15 17:32:00,2024-04-16 23:04:00,29.53,30,367.4
quiet/QUIET_Wind_2024-04-14_11-00.csv,0,2024-04-14 11:00:00,2024-04-15 16:32:00,29.53,30,351.5
icme/ICME_Wind_2024-04-08_01-48.csv,1,2024-04-08 01:48:00,2024-04-09 13:54:00,36.1,36,361.9
quiet/QUIET_Wind_2024-04-06_12-42.csv,0,2024-04-06 12:42:00,2024-04-08 00:48:00,36.1,36,403.4
icme/ICME_Wind_2024-04-04_10-00.csv,1,2024-04-04 10:00:00,2024-04-04 17:40:00,7.67,8,438.2
quiet/QUIET_Wind_2024-04-04_01-20.csv,0,2024-04-04 01:20:00,2024-04-04 09:00:00,7.67,8,359.8
icme/ICME_Wind_2024-03-30_12-56.csv,1,2024-03-30 12:56:00,2024-03-31 00:36:00,11.67,12,374.0
quiet/QUIET_Wind_2024-03-30_00-16.csv,0,2024-03-30 00:16:00,2024-03-30 11:56:00,11.67,11,339.5
icme/ICME_Wind_2024-03-24_14-14.csv,1,2024-03-24 14:14:00,2024-03-25 10:04:00,19.83,20,776.0
quiet/QUIET_Wind_2024-03-23_17-24.csv,0,2024-03-23 17:24:00,2024-03-24 13:14:00,19.83,20,498.8
icme/ICME_Wind_2024-03-21_02-02.csv,1,2024-03-21 02:02:00,2024-03-22 05:04:00,27.03,27,357.6
quiet/QUIET_Wind_2024-03-19_22-00.csv,0,2024-03-19 22:00:00,2024-03-21 01:02:00,27.03,28,341.0
icme/ICME_Wind_2024-03-03_09-06.csv,1,2024-03-03 09:06:00,2024-03-04 23:36:00,38.5,38,350.7
quiet/QUIET_Wind_2024-03-01_17-36.csv,0,2024-03-01 17:36:00,2024-03-03 08:06:00,38.5,39,308.5
icme/ICME_Wind_2024-02-24_16-24.csv,1,2024-02-24 16:24:00,2024-02-26 10:16:00,41.87,42,384.2
quiet/QUIET_Wind_2024-02-22_21-32.csv,0,2024-02-22 21:32:00,2024-02-24 15:24:00,41.87,42,325.7
icme/ICME_Wind_2024-01-03_14-20.csv,1,2024-01-03 14:20:00,2024-01-04 12:50:00,22.5,22,447.3
quiet/QUIET_Wind_2024-01-02_14-50.csv,0,2024-01-02 14:50:00,2024-01-03 13:20:00,22.5,23,400.4
icme/ICME_Wind_2024-01-03_04-48.csv,1,2024-01-03 04:48:00,2024-01-03 14:18:00,9.5,10,418.1
quiet/QUIET_Wind_2024-01-02_18-18.csv,0,2024-01-02 18:18:00,2024-01-03 03:48:00,9.5,9,385.9
icme/ICME_Wind_2023-12-28_22-50.csv,1,2023-12-28 22:50:00,2023-12-29 21:10:00,22.33,23,377.7
quiet/QUIET_Wind_2023-12-27_23-30.csv,0,2023-12-27 23:30:00,2023-12-28 21:50:00,22.33,22,391.5
icme/ICME_Wind_2023-12-17_06-56.csv,1,2023-12-17 06:56:00,2023-12-18 03:14:00,20.3,21,494.0
quiet/QUIET_Wind_2023-12-16_09-38.csv,0,2023-12-16 09:38:00,2023-12-17 05:56:00,20.3,20,445.8
icme/ICME_Wind_2023-12-15_10-52.csv,1,2023-12-15 10:52:00,2023-12-16 10:56:00,24.07,24,459.8
quiet/QUIET_Wind_2023-12-14_09-48.csv,0,2023-12-14 09:48:00,2023-12-15 09:52:00,24.07,24,298.9
icme/ICME_Wind_2023-12-04_11-54.csv,1,2023-12-04 11:54:00,2023-12-05 04:02:00,16.13,17,550.5
quiet/QUIET_Wind_2023-12-03_18-46.csv,0,2023-12-03 18:46:00,2023-12-04 10:54:00,16.13,16,519.4
icme/ICME_Wind_2023-12-01_08-52.csv,1,2023-12-01 08:52:00,2023-12-03 01:38:00,40.77,41,473.3
quiet/QUIET_Wind_2023-11-29_15-06.csv,0,2023-11-29 15:06:00,2023-12-01 07:52:00,40.77,40,373.1
icme/ICME_Wind_2023-11-30_23-26.csv,1,2023-11-30 23:26:00,2023-12-01 12:32:00,13.1,13,452.1
quiet/QUIET_Wind_2023-11-30_09-20.csv,0,2023-11-30 09:20:00,2023-11-30 22:26:00,13.1,13,337.2
icme/ICME_Wind_2023-11-13_16-34.csv,1,2023-11-13 16:34:00,2023-11-14 23:22:00,30.8,31,398.4
quiet/QUIET_Wind_2023-11-12_08-46.csv,0,2023-11-12 08:46:00,2023-11-13 15:34:00,30.8,31,467.0
icme/ICME_Wind_2023-11-12_05-40.csv,1,2023-11-12 05:40:00,2023-11-13 08:44:00,27.07,27,490.9
quiet/QUIET_Wind_2023-11-11_01-36.csv,0,2023-11-11 01:36:00,2023-11-12 04:40:00,27.07,27,499.3
icme/ICME_Wind_2023-11-05_11-54.csv,1,2023-11-05 11:54:00,2023-11-05 18:28:00,6.57,7,468.4
quiet/QUIET_Wind_2023-11-05_04-20.csv,0,2023-11-05 04:20:00,2023-11-05 10:54:00,6.57,6,337.7
icme/ICME_Wind_2023-11-05_08-28.csv,1,2023-11-05 08:28:00,2023-11-05 10:54:00,2.43,2,384.5
quiet/QUIET_Wind_2023-11-05_01-28.csv,0,2023-11-05 01:28:00,2023-11-05 07:28:00,6.0,6,318.5
icme/ICME_Wind_2023-11-04_13-34.csv,1,2023-11-04 13:34:00,2023-11-05 02:34:00,13.0,13,325.9
quiet/QUIET_Wind_2023-11-03_23-34.csv,0,2023-11-03 23:34:00,2023-11-04 12:34:00,13.0,13,318.9
icme/ICME_Wind_2023-10-20_12-34.csv,1,2023-10-20 12:34:00,2023-10-21 13:12:00,24.63,25,336.3
quiet/QUIET_Wind_2023-10-19_10-56.csv,0,2023-10-19 10:56:00,2023-10-20 11:34:00,24.63,25,342.2
icme/ICME_Wind_2023-09-28_20-56.csv,1,2023-09-28 20:56:00,2023-09-29 09:46:00,12.83,13,416.3
quiet/QUIET_Wind_2023-09-28_07-06.csv,0,2023-09-28 07:06:00,2023-09-28 19:56:00,12.83,12,376.1
icme/ICME_Wind_2023-09-24_20-02.csv,1,2023-09-24 20:02:00,2023-09-26 11:18:00,39.27,39,444.2
quiet/QUIET_Wind_2023-09-23_03-46.csv,0,2023-09-23 03:46:00,2023-09-24 19:02:00,39.27,40,333.0
icme/ICME_Wind_2023-09-19_14-30.csv,1,2023-09-19 14:30:00,2023-09-20 11:24:00,20.9,21,551.3
quiet/QUIET_Wind_2023-09-18_16-36.csv,0,2023-09-18 16:36:00,2023-09-19 13:30:00,20.9,21,589.5
icme/ICME_Wind_2023-09-18_12-52.csv,1,2023-09-18 12:52:00,2023-09-18 21:10:00,8.3,9,539.0
quiet/QUIET_Wind_2023-09-18_03-34.csv,0,2023-09-18 03:34:00,2023-09-18 11:52:00,8.3,8,426.4
icme/ICME_Wind_2023-09-12_10-24.csv,1,2023-09-12 10:24:00,2023-09-12 23:56:00,13.53,13,384.1
quiet/QUIET_Wind_2023-09-11_19-52.csv,0,2023-09-11 19:52:00,2023-09-12 09:24:00,13.53,14,379.4
icme/ICME_Wind_2023-08-05_02-04.csv,1,2023-08-05 02:04:00,2023-08-05 05:42:00,3.63,3,420.0
quiet/QUIET_Wind_2023-08-04_19-04.csv,0,2023-08-04 19:04:00,2023-08-05 01:04:00,6.0,6,380.3
icme/ICME_Wind_2023-08-01_11-12.csv,1,2023-08-01 11:12:00,2023-08-02 13:24:00,26.2,26,387.7
quiet/QUIET_Wind_2023-07-31_08-00.csv,0,2023-07-31 08:00:00,2023-08-01 10:12:00,26.2,27,374.6
icme/ICME_Wind_2023-06-03_23-04.csv,1,2023-06-03 23:04:00,2023-06-05 23:10:00,48.1,48,355.9
quiet/QUIET_Wind_2023-06-01_22-04.csv,0,2023-06-01 22:04:00,2023-06-03 22:04:00,48.0,48,359.3
icme/ICME_Wind_2023-05-13_17-18.csv,1,2023-05-13 17:18:00,2023-05-13 20:50:00,3.53,3,431.0
quiet/QUIET_Wind_2023-05-13_10-18.csv,0,2023-05-13 10:18:00,2023-05-13 16:18:00,6.0,6,433.2
icme/ICME_Wind_2023-05-12_06-08.csv,1,2023-05-12 06:08:00,2023-05-12 20:02:00,13.9,14,545.9
quiet/QUIET_Wind_2023-05-11_15-14.csv,0,2023-05-11 15:14:00,2023-05-12 05:08:00,13.9,14,499.7
icme/ICME_Wind_2023-04-23_17-02.csv,1,2023-04-23 17:02:00,2023-04-24 22:02:00,29.0,29,555.5
quiet/QUIET_Wind_2023-04-22_11-02.csv,0,2023-04-22 11:02:00,2023-04-23 16:02:00,29.0,29,356.1
icme/ICME_Wind_2023-04-18_13-26.csv,1,2023-04-18 13:26:00,2023-04-21 01:24:00,59.97,60,461.8
quiet/QUIET_Wind_2023-04-16_12-26.csv,0,2023-04-16 12:26:00,2023-04-18 12:26:00,48.0,48,342.2
icme/ICME_Wind_2023-03-23_05-54.csv,1,2023-03-23 05:54:00,2023-03-24 07:14:00,25.33,26,465.4
quiet/QUIET_Wind_2023-03-22_03-34.csv,0,2023-03-22 03:34:00,2023-03-23 04:54:00,25.33,25,510.8
icme/ICME_Wind_2023-03-15_04-02.csv,1,2023-03-15 04:02:00,2023-03-15 23:44:00,19.7,19,501.6
quiet/QUIET_Wind_2023-03-14_07-20.csv,0,2023-03-14 07:20:00,2023-03-15 03:02:00,19.7,20,410.6
icme/ICME_Wind_2023-02-21_06-48.csv,1,2023-02-21 06:48:00,2023-02-22 20:36:00,37.8,38,406.2
quiet/QUIET_Wind_2023-02-19_16-00.csv,0,2023-02-19 16:00:00,2023-02-21 05:48:00,37.8,38,381.5
icme/ICME_Wind_2023-02-20_09-54.csv,1,2023-02-20 09:54:00,2023-02-20 20:32:00,10.63,11,419.9
quiet/QUIET_Wind_2023-02-19_22-16.csv,0,2023-02-19 22:16:00,2023-02-20 08:54:00,10.63,10,340.7
icme/ICME_Wind_2023-02-01_15-38.csv,1,2023-02-01 15:38:00,2023-02-02 05:24:00,13.77,14,395.4
quiet/QUIET_Wind_2023-02-01_00-52.csv,0,2023-02-01 00:52:00,2023-02-01 14:38:00,13.77,14,376.4
icme/ICME_Wind_2023-01-17_21-02.csv,1,2023-01-17 21:02:00,2023-01-18 13:34:00,16.53,16,431.2
quiet/QUIET_Wind_2023-01-17_03-30.csv,0,2023-01-17 03:30:00,2023-01-17 20:02:00,16.53,17,406.4
icme/ICME_Wind_2023-01-04_14-32.csv,1,2023-01-04 14:32:00,2023-01-05 21:26:00,30.9,31,373.8
quiet/QUIET_Wind_2023-01-03_06-38.csv,0,2023-01-03 06:38:00,2023-01-04 13:32:00,30.9,31,403.5
icme/ICME_Wind_2023-01-03_20-56.csv,1,2023-01-03 20:56:00,2023-01-04 12:58:00,16.03,16,416.5
quiet/QUIET_Wind_2023-01-03_03-54.csv,0,2023-01-03 03:54:00,2023-01-03 19:56:00,16.03,16,392.3
icme/ICME_Wind_2022-12-18_19-42.csv,1,2022-12-18 19:42:00,2022-12-20 07:48:00,36.1,36,329.8
quiet/QUIET_Wind_2022-12-17_06-36.csv,0,2022-12-17 06:36:00,2022-12-18 18:42:00,36.1,36,293.6
icme/ICME_Wind_2022-11-19_22-54.csv,1,2022-11-19 22:54:00,2022-11-20 13:08:00,14.23,15,325.9
quiet/QUIET_Wind_2022-11-19_07-40.csv,0,2022-11-19 07:40:00,2022-11-19 21:54:00,14.23,14,349.4
icme/ICME_Wind_2022-11-07_00-40.csv,1,2022-11-07 00:40:00,2022-11-07 16:30:00,15.83,16,391.1
quiet/QUIET_Wind_2022-11-06_07-50.csv,0,2022-11-06 07:50:00,2022-11-06 23:40:00,15.83,16,382.7
icme/ICME_Wind_2022-10-21_10-38.csv,1,2022-10-21 10:38:00,2022-10-22 20:28:00,33.83,34,358.4
quiet/QUIET_Wind_2022-10-19_23-48.csv,0,2022-10-19 23:48:00,2022-10-21 09:38:00,33.83,34,401.6
icme/ICME_Wind_2022-09-30_04-50.csv,1,2022-09-30 04:50:00,2022-10-01 14:04:00,33.23,34,456.8
quiet/QUIET_Wind_2022-09-28_18-36.csv,0,2022-09-28 18:36:00,2022-09-30 03:50:00,33.23,33,490.2
icme/ICME_Wind_2022-09-14_19-28.csv,1,2022-09-14 19:28:00,2022-09-15 13:34:00,18.1,18,321.7
quiet/QUIET_Wind_2022-09-14_00-22.csv,0,2022-09-14 00:22:00,2022-09-14 18:28:00,18.1,18,307.3
icme/ICME_Wind_2022-07-18_20-26.csv,1,2022-07-18 20:26:00,2022-07-20 09:22:00,36.93,37,443.7
quiet/QUIET_Wind_2022-07-17_06-30.csv,0,2022-07-17 06:30:00,2022-07-18 19:26:00,36.93,37,386.8
icme/ICME_Wind_2022-07-08_06-40.csv,1,2022-07-08 06:40:00,2022-07-08 18:04:00,11.4,12,406.1
quiet/QUIET_Wind_2022-07-07_18-16.csv,0,2022-07-07 18:16:00,2022-07-08 05:40:00,11.4,11,386.4
icme/ICME_Wind_2022-07-07_06-00.csv,1,2022-07-07 06:00:00,2022-07-08 05:10:00,23.17,24,378.5
quiet/QUIET_Wind_2022-07-06_05-50.csv,0,2022-07-06 05:50:00,2022-07-07 05:00:00,23.17,24,326.4
icme/ICME_Wind_2022-07-02_00-30.csv,1,2022-07-02 00:30:00,2022-07-02 20:34:00,20.07,20,333.8
quiet/QUIET_Wind_2022-07-01_03-26.csv,0,2022-07-01 03:26:00,2022-07-01 23:30:00,20.07,20,346.4
icme/ICME_Wind_2022-06-25_08-28.csv,1,2022-06-25 08:28:00,2022-06-26 06:04:00,21.6,22,443.7
quiet/QUIET_Wind_2022-06-24_09-52.csv,0,2022-06-24 09:52:00,2022-06-25 07:28:00,21.6,22,402.7
icme/ICME_Wind_2022-06-06_09-44.csv,1,2022-06-06 09:44:00,2022-06-07 10:06:00,24.37,25,318.0
quiet/QUIET_Wind_2022-06-05_08-22.csv,0,2022-06-05 08:22:00,2022-06-06 08:44:00,24.37,24,281.2
icme/ICME_Wind_2022-04-14_12-58.csv,1,2022-04-14 12:58:00,2022-04-15 02:08:00,13.17,14,506.9
quiet/QUIET_Wind_2022-04-13_22-48.csv,0,2022-04-13 22:48:00,2022-04-14 11:58:00,13.17,13,433.5
icme/ICME_Wind_2022-04-13_01-46.csv,1,2022-04-13 01:46:00,2022-04-13 23:04:00,21.3,22,459.1
quiet/QUIET_Wind_2022-04-12_03-28.csv,0,2022-04-12 03:28:00,2022-04-13 00:46:00,21.3,21,471.6
icme/ICME_Wind_2022-04-09_13-26.csv,1,2022-04-09 13:26:00,2022-04-09 23:32:00,10.1,10,382.2
quiet/QUIET_Wind_2022-04-09_02-20.csv,0,2022-04-09 02:20:00,2022-04-09 12:26:00,10.1,10,362.9
icme/ICME_Wind_2022-04-08_22-26.csv,1,2022-04-08 22:26:00,2022-04-09 04:12:00,5.77,6,353.5
quiet/QUIET_Wind_2022-04-08_15-26.csv,0,2022-04-08 15:26:00,2022-04-08 21:26:00,6.0,6,357.7
icme/ICME_Wind_2022-03-31_01-40.csv,1,2022-03-31 01:40:00,2022-04-01 12:04:00,34.4,35,506.7
quiet/QUIET_Wind_2022-03-29_14-16.csv,0,2022-03-29 14:16:00,2022-03-31 00:40:00,34.4,34,399.9
icme/ICME_Wind_2022-03-13_10-04.csv,1,2022-03-13 10:04:00,2022-03-15 12:10:00,50.1,50,420.9
quiet/QUIET_Wind_2022-03-11_09-04.csv,0,2022-03-11 09:04:00,2022-03-13 09:04:00,48.0,48,375.7
icme/ICME_Wind_2022-03-10_16-12.csv,1,2022-03-10 16:12:00,2022-03-11 00:58:00,8.77,8,369.0
quiet/QUIET_Wind_2022-03-10_06-26.csv,0,2022-03-10 06:26:00,2022-03-10 15:12:00,8.77,9,342.3
icme/ICME_Wind_2022-02-11_09-18.csv,1,2022-02-11 09:18:00,2022-02-11 17:38:00,8.33,8,419.5
quiet/QUIET_Wind_2022-02-10_23-58.csv,0,2022-02-10 23:58:00,2022-02-11 08:18:00,8.33,9,384.2
icme/ICME_Wind_2022-02-09_20-04.csv,1,2022-02-09 20:04:00,2022-02-11 05:52:00,33.8,33,403.7
quiet/QUIET_Wind_2022-02-08_09-16.csv,0,2022-02-08 09:16:00,2022-02-09 19:04:00,33.8,34,390.6
icme/ICME_Wind_2022-02-03_22-52.csv,1,2022-02-03 22:52:00,2022-02-04 13:52:00,15.0,15,537.1
quiet/QUIET_Wind_2022-02-03_06-52.csv,0,2022-02-03 06:52:00,2022-02-03 21:52:00,15.0,15,524.9
icme/ICME_Wind_2022-02-01_21-26.csv,1,2022-02-01 21:26:00,2022-02-03 10:40:00,37.23,37,452.7
quiet/QUIET_Wind_2022-01-31_07-12.csv,0,2022-01-31 07:12:00,2022-02-01 20:26:00,37.23,37,424.9
icme/ICME_Wind_2021-12-27_08-30.csv,1,2021-12-27 08:30:00,2021-12-28 16:00:00,31.5,32,399.4
quiet/QUIET_Wind_2021-12-26_00-00.csv,0,2021-12-26 00:00:00,2021-12-27 07:30:00,31.5,32,355.6
icme/ICME_Wind_2021-11-27_21-54.csv,1,2021-11-27 21:54:00,2021-11-29 05:56:00,32.03,32,372.9
quiet/QUIET_Wind_2021-11-26_12-52.csv,0,2021-11-26 12:52:00,2021-11-27 20:54:00,32.03,32,343.0
icme/ICME_Wind_2021-11-03_19-40.csv,1,2021-11-03 19:40:00,2021-11-05 04:26:00,32.77,33,667.6
quiet/QUIET_Wind_2021-11-02_09-54.csv,0,2021-11-02 09:54:00,2021-11-03 18:40:00,32.77,33,560.8
icme/ICME_Wind_2021-10-31_09-32.csv,1,2021-10-31 09:32:00,2021-10-31 14:50:00,5.3,5,427.2
quiet/QUIET_Wind_2021-10-31_02-32.csv,0,2021-10-31 02:32:00,2021-10-31 08:32:00,6.0,6,375.0
icme/ICME_Wind_2021-10-17_01-18.csv,1,2021-10-17 01:18:00,2021-10-18 09:52:00,32.57,32,353.5
quiet/QUIET_Wind_2021-10-15_15-44.csv,0,2021-10-15 15:44:00,2021-10-17 00:18:00,32.57,33,373.2
icme/ICME_Wind_2021-10-16_00-08.csv,1,2021-10-16 00:08:00,2021-10-17 01:16:00,25.13,25,384.4
quiet/QUIET_Wind_2021-10-14_22-00.csv,0,2021-10-14 22:00:00,2021-10-15 23:08:00,25.13,26,362.2
icme/ICME_Wind_2021-10-12_01-48.csv,1,2021-10-12 01:48:00,2021-10-12 08:58:00,7.17,7,447.3
quiet/QUIET_Wind_2021-10-11_17-38.csv,0,2021-10-11 17:38:00,2021-10-12 00:48:00,7.17,7,371.0
icme/ICME_Wind_2021-10-06_02-20.csv,1,2021-10-06 02:20:00,2021-10-07 03:46:00,25.43,25,321.2
quiet/QUIET_Wind_2021-10-04_23-54.csv,0,2021-10-04 23:54:00,2021-10-06 01:20:00,25.43,26,303.1
icme/ICME_Wind_2021-10-01_12-48.csv,1,2021-10-01 12:48:00,2021-10-02 12:50:00,24.03,24,472.1
quiet/QUIET_Wind_2021-09-30_11-46.csv,0,2021-09-30 11:46:00,2021-10-01 11:48:00,24.03,24,479.0
icme/ICME_Wind_2021-09-27_00-20.csv,1,2021-09-27 00:20:00,2021-09-27 20:52:00,20.53,20,383.9
quiet/QUIET_Wind_2021-09-26_02-48.csv,0,2021-09-26 02:48:00,2021-09-26 23:20:00,20.53,21,407.0
icme/ICME_Wind_2021-09-17_01-14.csv,1,2021-09-17 01:14:00,2021-09-17 16:26:00,15.2,15,345.3
quiet/QUIET_Wind_2021-09-16_09-02.csv,0,2021-09-16 09:02:00,2021-09-17 00:14:00,15.2,15,342.1
icme/ICME_Wind_2021-09-10_22-34.csv,1,2021-09-10 22:34:00,2021-09-11 16:22:00,17.8,18,339.6
quiet/QUIET_Wind_2021-09-10_03-46.csv,0,2021-09-10 03:46:00,2021-09-10 21:34:00,17.8,18,361.3
icme/ICME_Wind_2021-09-10_10-42.csv,1,2021-09-10 10:42:00,2021-09-10 22:32:00,11.83,12,354.7
quiet/QUIET_Wind_2021-09-09_21-52.csv,0,2021-09-09 21:52:00,2021-09-10 09:42:00,11.83,12,368.3
icme/ICME_Wind_2021-08-27_00-14.csv,1,2021-08-27 00:14:00,2021-08-28 14:30:00,38.27,38,381.8
quiet/QUIET_Wind_2021-08-25_08-58.csv,0,2021-08-25 08:58:00,2021-08-26 23:14:00,38.27,39,380.4
icme/ICME_Wind_2021-08-06_10-00.csv,1,2021-08-06 10:00:00,2021-08-07 04:16:00,18.27,19,314.0
quiet/QUIET_Wind_2021-08-05_14-44.csv,0,2021-08-05 14:44:00,2021-08-06 09:00:00,18.27,19,300.8
icme/ICME_Wind_2021-08-02_08-46.csv,1,2021-08-02 08:46:00,2021-08-04 03:04:00,42.3,43,364.6
quiet/QUIET_Wind_2021-07-31_13-28.csv,0,2021-07-31 13:28:00,2021-08-02 07:46:00,42.3,42,394.9
icme/ICME_Wind_2021-07-14_08-50.csv,1,2021-07-14 08:50:00,2021-07-14 17:46:00,8.93,9,362.6
quiet/QUIET_Wind_2021-07-13_22-54.csv,0,2021-07-13 22:54:00,2021-07-14 07:50:00,8.93,9,343.8
icme/ICME_Wind_2021-07-09_23-40.csv,1,2021-07-09 23:40:00,2021-07-10 07:24:00,7.73,8,334.1
quiet/QUIET_Wind_2021-07-09_14-56.csv,0,2021-07-09 14:56:00,2021-07-09 22:40:00,7.73,8,322.2
icme/ICME_Wind_2021-07-05_00-36.csv,1,2021-07-05 00:36:00,2021-07-06 00:08:00,23.53,24,337.9
quiet/QUIET_Wind_2021-07-04_00-04.csv,0,2021-07-04 00:04:00,2021-07-04 23:36:00,23.53,23,342.6
icme/ICME_Wind_2021-06-11_00-42.csv,1,2021-06-11 00:42:00,2021-06-11 15:00:00,14.3,15,353.3
quiet/QUIET_Wind_2021-06-10_09-24.csv,0,2021-06-10 09:24:00,2021-06-10 23:42:00,14.3,14,345.9
icme/ICME_Wind_2021-05-26_11-44.csv,1,2021-05-26 11:44:00,2021-05-29 04:32:00,64.8,65,399.2
quiet/QUIET_Wind_2021-05-24_10-44.csv,0,2021-05-24 10:44:00,2021-05-26 10:44:00,48.0,48,324.2
icme/ICME_Wind_2021-05-12_05-54.csv,1,2021-05-12 05:54:00,2021-05-13 13:38:00,31.73,32,450.4
quiet/QUIET_Wind_2021-05-10_21-10.csv,0,2021-05-10 21:10:00,2021-05-12 04:54:00,31.73,31,340.4
icme/ICME_Wind_2021-05-01_13-28.csv,1,2021-05-01 13:28:00,2021-05-02 14:06:00,24.63,25,357.1
quiet/QUIET_Wind_2021-04-30_11-50.csv,0,2021-04-30 11:50:00,2021-05-01 12:28:00,24.63,25,326.0
icme/ICME_Wind_2021-04-30_15-00.csv,1,2021-04-30 15:00:00,2021-05-01 12:44:00,21.73,22,328.1
quiet/QUIET_Wind_2021-04-29_16-16.csv,0,2021-04-29 16:16:00,2021-04-30 14:00:00,21.73,22,325.7
icme/ICME_Wind_2021-04-24_22-30.csv,1,2021-04-24 22:30:00,2021-04-25 22:46:00,24.27,24,480.5
quiet/QUIET_Wind_2021-04-23_21-14.csv,0,2021-04-23 21:14:00,2021-04-24 21:30:00,24.27,24,455.3
icme/ICME_Wind_2021-04-15_03-16.csv,1,2021-04-15 03:16:00,2021-04-15 13:12:00,9.93,10,383.1
quiet/QUIET_Wind_2021-04-14_16-20.csv,0,2021-04-14 16:20:00,2021-04-15 02:16:00,9.93,10,405.4
icme/ICME_Wind_2021-04-04_21-52.csv,1,2021-04-04 21:52:00,2021-04-06 10:02:00,36.17,37,318.5
quiet/QUIET_Wind_2021-04-03_08-42.csv,0,2021-04-03 08:42:00,2021-04-04 20:52:00,36.17,36,327.5
icme/ICME_Wind_2021-03-26_18-00.csv,1,2021-03-26 18:00:00,2021-03-27 19:02:00,25.03,26,371.3
quiet/QUIET_Wind_2021-03-25_15-58.csv,0,2021-03-25 15:58:00,2021-03-26 17:00:00,25.03,26,421.4
icme/ICME_Wind_2021-03-11_21-40.csv,1,2021-03-11 21:40:00,2021-03-12 09:26:00,11.77,12,359.7
quiet/QUIET_Wind_2021-03-11_08-54.csv,0,2021-03-11 08:54:00,2021-03-11 20:40:00,11.77,12,363.8
icme/ICME_Wind_2021-02-24_04-08.csv,1,2021-02-24 04:08:00,2021-02-24 15:36:00,11.47,11,477.8
quiet/QUIET_Wind_2021-02-23_15-40.csv,0,2021-02-23 15:40:00,2021-02-24 03:08:00,11.47,12,515.2
icme/ICME_Wind_2021-02-15_18-58.csv,1,2021-02-15 18:58:00,2021-02-16 14:52:00,19.9,20,348.6
quiet/QUIET_Wind_2021-02-14_22-04.csv,0,2021-02-14 22:04:00,2021-02-15 17:58:00,19.9,19,333.2
icme/ICME_Wind_2020-11-01_11-54.csv,1,2020-11-01 11:54:00,2020-11-03 07:06:00,43.2,44,348.3
quiet/QUIET_Wind_2020-10-30_15-42.csv,0,2020-10-30 15:42:00,2020-11-01 10:54:00,43.2,43,391.8
icme/ICME_Wind_2020-10-05_06-52.csv,1,2020-10-05 06:52:00,2020-10-06 11:58:00,29.1,29,350.8
quiet/QUIET_Wind_2020-10-04_00-46.csv,0,2020-10-04 00:46:00,2020-10-05 05:52:00,29.1,29,359.6
icme/ICME_Wind_2020-07-24_01-42.csv,1,2020-07-24 01:42:00,2020-07-25 11:36:00,33.9,34,358.6
quiet/QUIET_Wind_2020-07-22_14-48.csv,0,2020-07-22 14:48:00,2020-07-24 00:42:00,33.9,34,307.2
icme/ICME_Wind_2020-07-13_20-18.csv,1,2020-07-13 20:18:00,2020-07-14 06:18:00,10.0,10,375.4
quiet/QUIET_Wind_2020-07-13_09-18.csv,0,2020-07-13 09:18:00,2020-07-13 19:18:00,10.0,10,304.4
icme/ICME_Wind_2020-06-30_01-12.csv,1,2020-06-30 01:12:00,2020-07-01 16:10:00,38.97,39,333.3
quiet/QUIET_Wind_2020-06-28_09-14.csv,0,2020-06-28 09:14:00,2020-06-30 00:12:00,38.97,39,331.6
icme/ICME_Wind_2020-06-26_18-04.csv,1,2020-06-26 18:04:00,2020-06-27 00:48:00,6.73,6,333.8
quiet/QUIET_Wind_2020-06-26_10-20.csv,0,2020-06-26 10:20:00,2020-06-26 17:04:00,6.73,7,318.7
icme/ICME_Wind_2020-05-29_21-20.csv,1,2020-05-29 21:20:00,2020-05-30 15:54:00,18.57,18,345.8
quiet/QUIET_Wind_2020-05-29_01-46.csv,0,2020-05-29 01:46:00,2020-05-29 20:20:00,18.57,19,291.9
icme/ICME_Wind_2020-04-20_01-34.csv,1,2020-04-20 01:34:00,2020-04-21 11:18:00,33.73,34,346.1
quiet/QUIET_Wind_2020-04-18_14-50.csv,0,2020-04-18 14:50:00,2020-04-20 00:34:00,33.73,34,315.9
icme/ICME_Wind_2020-02-17_22-36.csv,1,2020-02-17 22:36:00,2020-02-18 21:10:00,22.57,23,375.4
quiet/QUIET_Wind_2020-02-16_23-02.csv,0,2020-02-16 23:02:00,2020-02-17 21:36:00,22.57,22,327.5
icme/ICME_Wind_2020-01-04_09-06.csv,1,2020-01-04 09:06:00,2020-01-05 05:10:00,20.07,20,368.8
quiet/QUIET_Wind_2020-01-03_12-02.csv,0,2020-01-03 12:02:00,2020-01-04 08:06:00,20.07,20,374.3
icme/ICME_Wind_2019-11-11_05-44.csv,1,2019-11-11 05:44:00,2019-11-13 00:56:00,43.2,43,343.2
quiet/QUIET_Wind_2019-11-09_09-32.csv,0,2019-11-09 09:32:00,2019-11-11 04:44:00,43.2,43,320.3
icme/ICME_Wind_2019-10-29_17-04.csv,1,2019-10-29 17:04:00,2019-10-30 23:30:00,30.43,30,382.2
quiet/QUIET_Wind_2019-10-28_09-38.csv,0,2019-10-28 09:38:00,2019-10-29 16:04:00,30.43,31,444.8
icme/ICME_Wind_2019-08-20_00-40.csv,1,2019-08-20 00:40:00,2019-08-20 12:10:00,11.5,12,371.8
quiet/QUIET_Wind_2019-08-19_12-10.csv,0,2019-08-19 12:10:00,2019-08-19 23:40:00,11.5,11,347.7
icme/ICME_Wind_2019-05-26_21-30.csv,1,2019-05-26 21:30:00,2019-05-27 23:52:00,26.37,26,348.4
quiet/QUIET_Wind_2019-05-25_18-08.csv,0,2019-05-25 18:08:00,2019-05-26 20:30:00,26.37,26,320.8
icme/ICME_Wind_2019-05-13_22-56.csv,1,2019-05-13 22:56:00,2019-05-15 18:08:00,43.2,44,476.9
quiet/QUIET_Wind_2019-05-12_02-44.csv,0,2019-05-12 02:44:00,2019-05-13 21:56:00,43.2,43,340.1
icme/ICME_Wind_2019-05-10_17-04.csv,1,2019-05-10 17:04:00,2019-05-12 14:40:00,45.6,45,351.5
quiet/QUIET_Wind_2019-05-08_18-28.csv,0,2019-05-08 18:28:00,2019-05-10 16:04:00,45.6,46,347.2
icme/ICME_Wind_2018-09-07_02-36.csv,1,2018-09-07 02:36:00,2018-09-07 23:42:00,21.1,21,444.0
quiet/QUIET_Wind_2018-09-06_04-30.csv,0,2018-09-06 04:30:00,2018-09-07 01:36:00,21.1,21,393.1
icme/ICME_Wind_2018-08-25_01-16.csv,1,2018-08-25 01:16:00,2018-08-26 11:58:00,34.7,34,401.9
quiet/QUIET_Wind_2018-08-23_13-34.csv,0,2018-08-23 13:34:00,2018-08-25 00:16:00,34.7,35,364.0
icme/ICME_Wind_2018-08-11_00-10.csv,1,2018-08-11 00:10:00,2018-08-11 13:10:00,13.0,13,379.1
quiet/QUIET_Wind_2018-08-10_10-10.csv,0,2018-08-10 10:10:00,2018-08-10 23:10:00,13.0,13,369.6
icme/ICME_Wind_2018-07-16_04-50.csv,1,2018-07-16 04:50:00,2018-07-17 00:00:00,19.17,20,339.6
quiet/QUIET_Wind_2018-07-15_08-40.csv,0,2018-07-15 08:40:00,2018-07-16 03:50:00,19.17,19,346.0
icme/ICME_Wind_2018-07-10_11-34.csv,1,2018-07-10 11:34:00,2018-07-11 06:52:00,19.3,19,342.7
quiet/QUIET_Wind_2018-07-09_15-16.csv,0,2018-07-09 15:16:00,2018-07-10 10:34:00,19.3,19,373.0
icme/ICME_Wind_2018-06-06_12-22.csv,1,2018-06-06 12:22:00,2018-06-07 11:06:00,22.73,23,408.6
quiet/QUIET_Wind_2018-06-05_12-38.csv,0,2018-06-05 12:38:00,2018-06-06 11:22:00,22.73,23,411.7
icme/ICME_Wind_2018-03-09_17-06.csv,1,2018-03-09 17:06:00,2018-03-11 00:24:00,31.3,31,409.5
quiet/QUIET_Wind_2018-03-08_08-48.csv,0,2018-03-08 08:48:00,2018-03-09 16:06:00,31.3,32,350.6
icme/ICME_Wind_2018-01-19_00-42.csv,1,2018-01-19 00:42:00,2018-01-19 12:06:00,11.4,12,356.5
quiet/QUIET_Wind_2018-01-18_12-18.csv,0,2018-01-18 12:18:00,2018-01-18 23:42:00,11.4,11,318.1
icme/ICME_Wind_2017-12-24_19-30.csv,1,2017-12-24 19:30:00,2017-12-25 09:57:00,14.45,14,529.6
quiet/QUIET_Wind_2017-12-24_04-03.csv,0,2017-12-24 04:03:00,2017-12-24 18:30:00,14.45,14,475.3
icme/ICME_Wind_2017-11-15_11-47.csv,1,2017-11-15 11:47:00,2017-11-15 19:23:00,7.6,8,420.0
quiet/QUIET_Wind_2017-11-15_03-11.csv,0,2017-11-15 03:11:00,2017-11-15 10:47:00,7.6,7,377.7
icme/ICME_Wind_2017-11-14_01-08.csv,1,2017-11-14 01:08:00,2017-11-14 14:13:00,13.08,13,378.3
quiet/QUIET_Wind_2017-11-13_11-03.csv,0,2017-11-13 11:03:00,2017-11-14 00:08:00,13.08,13,377.3
icme/ICME_Wind_2017-09-07_22-28.csv,1,2017-09-07 22:28:00,2017-09-08 14:19:00,15.85,16,745.8
quiet/QUIET_Wind_2017-09-07_05-37.csv,0,2017-09-07 05:37:00,2017-09-07 21:28:00,15.85,16,506.0
icme/ICME_Wind_2017-09-06_23-02.csv,1,2017-09-06 23:02:00,2017-09-07 11:08:00,12.1,12,535.6
quiet/QUIET_Wind_2017-09-06_09-56.csv,0,2017-09-06 09:56:00,2017-09-06 22:02:00,12.1,13,427.8
icme/ICME_Wind_2017-07-16_05-10.csv,1,2017-07-16 05:10:00,2017-07-17 14:50:00,33.67,33,513.8
quiet/QUIET_Wind_2017-07-14_18-30.csv,0,2017-07-14 18:30:00,2017-07-16 04:10:00,33.67,34,329.8
icme/ICME_Wind_2017-05-27_14-43.csv,1,2017-05-27 14:43:00,2017-05-29 10:41:00,43.97,44,360.9
quiet/QUIET_Wind_2017-05-25_17-45.csv,0,2017-05-25 17:45:00,2017-05-27 13:43:00,43.97,44,319.6
icme/ICME_Wind_2017-04-13_21-56.csv,1,2017-04-13 21:56:00,2017-04-14 19:42:00,21.77,22,406.8
quiet/QUIET_Wind_2017-04-12_23-10.csv,0,2017-04-12 23:10:00,2017-04-13 20:56:00,21.77,21,388.5
icme/ICME_Wind_2017-04-09_08-32.csv,1,2017-04-09 08:32:00,2017-04-10 08:09:00,23.62,24,455.4
quiet/QUIET_Wind_2017-04-08_07-55.csv,0,2017-04-08 07:55:00,2017-04-09 07:32:00,23.62,24,550.2
icme/ICME_Wind_2017-04-04_01-31.csv,1,2017-04-04 01:31:00,2017-04-05 02:46:00,25.25,25,417.2
quiet/QUIET_Wind_2017-04-02_23-16.csv,0,2017-04-02 23:16:00,2017-04-04 00:31:00,25.25,25,419.4
icme/ICME_Wind_2016-10-12_21-16.csv,1,2016-10-12 21:16:00,2016-10-14 13:51:00,40.58,40,395.2
quiet/QUIET_Wind_2016-10-11_03-41.csv,0,2016-10-11 03:41:00,2016-10-12 20:16:00,40.58,41,375.7
icme/ICME_Wind_2016-09-14_02-10.csv,1,2016-09-14 02:10:00,2016-09-15 16:03:00,37.88,38,307.6
quiet/QUIET_Wind_2016-09-12_11-17.csv,0,2016-09-12 11:17:00,2016-09-14 01:10:00,37.88,38,286.5
icme/ICME_Wind_2016-08-02_12-37.csv,1,2016-08-02 12:37:00,2016-08-03 02:51:00,14.23,14,411.2
quiet/QUIET_Wind_2016-08-01_21-23.csv,0,2016-08-01 21:23:00,2016-08-02 11:37:00,14.23,14,327.6
icme/ICME_Wind_2016-07-24_15-29.csv,1,2016-07-24 15:29:00,2016-07-25 12:18:00,20.82,21,435.5
quiet/QUIET_Wind_2016-07-23_17-40.csv,0,2016-07-23 17:40:00,2016-07-24 14:29:00,20.82,21,383.9
icme/ICME_Wind_2016-07-19_23-01.csv,1,2016-07-19 23:01:00,2016-07-20 11:57:00,12.93,12,514.8
quiet/QUIET_Wind_2016-07-19_09-05.csv,0,2016-07-19 09:05:00,2016-07-19 22:01:00,12.93,13,331.2
icme/ICME_Wind_2016-04-17_02-13.csv,1,2016-04-17 02:13:00,2016-04-18 06:59:00,28.77,28,404.4
quiet/QUIET_Wind_2016-04-15_20-27.csv,0,2016-04-15 20:27:00,2016-04-17 01:13:00,28.77,29,405.7
icme/ICME_Wind_2016-04-16_04-40.csv,1,2016-04-16 04:40:00,2016-04-16 21:19:00,16.65,17,422.1
quiet/QUIET_Wind_2016-04-15_11-01.csv,0,2016-04-15 11:01:00,2016-04-16 03:40:00,16.65,16,374.9
icme/ICME_Wind_2016-04-14_06-57.csv,1,2016-04-14 06:57:00,2016-04-15 10:08:00,27.18,28,416.4
quiet/QUIET_Wind_2016-04-13_02-46.csv,0,2016-04-13 02:46:00,2016-04-14 05:57:00,27.18,27,534.1
icme/ICME_Wind_2016-01-18_21-18.csv,1,2016-01-18 21:18:00,2016-01-20 20:22:00,47.07,47,358.1
quiet/QUIET_Wind_2016-01-16_21-14.csv,0,2016-01-16 21:14:00,2016-01-18 20:18:00,47.07,47,318.7
icme/ICME_Wind_2015-12-31_00-19.csv,1,2015-12-31 00:19:00,2016-01-01 11:56:00,35.62,35,446.5
quiet/QUIET_Wind_2015-12-29_11-42.csv,0,2015-12-29 11:42:00,2015-12-30 23:19:00,35.62,36,370.9
icme/ICME_Wind_2015-12-19_15-35.csv,1,2015-12-19 15:35:00,2015-12-21 23:02:00,55.45,56,415.9
quiet/QUIET_Wind_2015-12-17_14-35.csv,0,2015-12-17 14:35:00,2015-12-19 14:35:00,48.0,48,403.8
icme/ICME_Wind_2015-11-06_17-46.csv,1,2015-11-06 17:46:00,2015-11-08 16:47:00,47.02,47,535.2
quiet/QUIET_Wind_2015-11-04_17-45.csv,0,2015-11-04 17:45:00,2015-11-06 16:46:00,47.02,47,529.9
icme/ICME_Wind_2015-10-24_17-59.csv,1,2015-10-24 17:59:00,2015-10-28 13:11:00,91.2,92,408.3
quiet/QUIET_Wind_2015-10-22_16-59.csv,0,2015-10-22 16:59:00,2015-10-24 16:59:00,48.0,48,437.4
icme/ICME_Wind_2015-10-06_21-35.csv,1,2015-10-06 21:35:00,2015-10-07 10:04:00,12.48,13,426.3
quiet/QUIET_Wind_2015-10-06_08-06.csv,0,2015-10-06 08:06:00,2015-10-06 20:35:00,12.48,12,387.2
icme/ICME_Wind_2015-09-07_13-05.csv,1,2015-09-07 13:05:00,2015-09-09 14:52:00,49.78,49,493.0
quiet/QUIET_Wind_2015-09-05_12-05.csv,0,2015-09-05 12:05:00,2015-09-07 12:05:00,48.0,48,468.9
icme/ICME_Wind_2015-06-22_18-07.csv,1,2015-06-22 18:07:00,2015-06-24 13:03:00,42.93,43,612.1
quiet/QUIET_Wind_2015-06-20_22-11.csv,0,2015-06-20 22:11:00,2015-06-22 17:07:00,42.93,43,343.9
icme/ICME_Wind_2015-05-10_08-23.csv,1,2015-05-10 08:23:00,2015-05-11 04:47:00,20.4,20,364.4
quiet/QUIET_Wind_2015-05-09_10-59.csv,0,2015-05-09 10:59:00,2015-05-10 07:23:00,20.4,21,378.3
icme/ICME_Wind_2015-05-08_02-52.csv,1,2015-05-08 02:52:00,2015-05-09 10:34:00,31.7,32,383.1
quiet/QUIET_Wind_2015-05-06_18-10.csv,0,2015-05-06 18:10:00,2015-05-08 01:52:00,31.7,31,414.4
icme/ICME_Wind_2015-05-06_00-56.csv,1,2015-05-06 00:56:00,2015-05-07 14:23:00,37.45,38,434.5
quiet/QUIET_Wind_2015-05-04_10-29.csv,0,2015-05-04 10:29:00,2015-05-05 23:56:00,37.45,37,365.7
icme/ICME_Wind_2015-04-09_09-09.csv,1,2015-04-09 09:09:00,2015-04-11 09:36:00,48.45,48,386.8
quiet/QUIET_Wind_2015-04-07_08-09.csv,0,2015-04-07 08:09:00,2015-04-09 08:09:00,48.0,48,359.0
icme/ICME_Wind_2015-03-31_07-32.csv,1,2015-03-31 07:32:00,2015-04-01 09:50:00,26.3,26,394.4
quiet/QUIET_Wind_2015-03-30_04-14.csv,0,2015-03-30 04:14:00,2015-03-31 06:32:00,26.3,26,326.0
icme/ICME_Wind_2015-03-28_03-36.csv,1,2015-03-28 03:36:00,2015-03-29 14:24:00,34.8,35,394.7
quiet/QUIET_Wind_2015-03-26_15-48.csv,0,2015-03-26 15:48:00,2015-03-28 02:36:00,34.8,35,405.5
icme/ICME_Wind_2015-01-07_05-38.csv,1,2015-01-07 05:38:00,2015-01-07 21:07:00,15.48,16,449.8
quiet/QUIET_Wind_2015-01-06_13-09.csv,0,2015-01-06 13:09:00,2015-01-07 04:38:00,15.48,15,472.7
icme/ICME_Wind_2014-09-12_15-17.csv,1,2014-09-12 15:17:00,2014-09-14 11:39:00,44.37,44,602.5
quiet/QUIET_Wind_2014-09-10_17-55.csv,0,2014-09-10 17:55:00,2014-09-12 14:17:00,44.37,45,391.1
icme/ICME_Wind_2014-08-26_02-40.csv,1,2014-08-26 02:40:00,2014-08-27 21:49:00,43.15,43,291.7
quiet/QUIET_Wind_2014-08-24_06-31.csv,0,2014-08-24 06:31:00,2014-08-26 01:40:00,43.15,43,271.1
icme/ICME_Wind_2014-08-19_05-49.csv,1,2014-08-19 05:49:00,2014-08-21 19:10:00,61.35,62,353.8
quiet/QUIET_Wind_2014-08-17_04-49.csv,0,2014-08-17 04:49:00,2014-08-19 04:49:00,48.0,48,296.9
icme/ICME_Wind_2014-07-02_23-48.csv,1,2014-07-02 23:48:00,2014-07-03 12:00:00,12.2,13,332.9
quiet/QUIET_Wind_2014-07-02_10-36.csv,0,2014-07-02 10:36:00,2014-07-02 22:48:00,12.2,12,307.9
icme/ICME_Wind_2014-06-29_16-47.csv,1,2014-06-29 16:47:00,2014-06-30 11:16:00,18.48,19,347.9
quiet/QUIET_Wind_2014-06-28_21-18.csv,0,2014-06-28 21:18:00,2014-06-29 15:47:00,18.48,18,339.6
icme/ICME_Wind_2014-06-22_18-28.csv,1,2014-06-22 18:28:00,2014-06-23 22:04:00,27.6,28,356.8
quiet/QUIET_Wind_2014-06-21_13-52.csv,0,2014-06-21 13:52:00,2014-06-22 17:28:00,27.6,28,403.5
icme/ICME_Wind_2014-06-07_16-30.csv,1,2014-06-07 16:30:00,2014-06-10 16:47:00,72.28,72,489.5
quiet/QUIET_Wind_2014-06-05_15-30.csv,0,2014-06-05 15:30:00,2014-06-07 15:30:00,48.0,48,344.9
icme/ICME_Wind_2014-04-29_19-11.csv,1,2014-04-29 19:11:00,2014-04-30 16:33:00,21.37,21,302.4
quiet/QUIET_Wind_2014-04-28_20-49.csv,0,2014-04-28 20:49:00,2014-04-29 18:11:00,21.37,22,276.3
icme/ICME_Wind_2014-04-20_10-20.csv,1,2014-04-20 10:20:00,2014-04-22 06:13:00,43.88,44,593.3
quiet/QUIET_Wind_2014-04-18_13-27.csv,0,2014-04-18 13:27:00,2014-04-20 09:20:00,43.88,44,498.7
icme/ICME_Wind_2014-04-11_06-57.csv,1,2014-04-11 06:57:00,2014-04-12 20:52:00,37.92,38,351.5
quiet/QUIET_Wind_2014-04-09_16-02.csv,0,2014-04-09 16:02:00,2014-04-11 05:57:00,37.92,37,399.8
icme/ICME_Wind_2014-04-05_09-58.csv,1,2014-04-05 09:58:00,2014-04-07 14:24:00,52.43,53,395.6
quiet/QUIET_Wind_2014-04-03_08-58.csv,0,2014-04-03 08:58:00,2014-04-05 08:58:00,48.0,48,410.0
icme/ICME_Wind_2014-02-19_03-09.csv,1,2014-02-19 03:09:00,2014-02-20 02:38:00,23.48,23,494.3
quiet/QUIET_Wind_2014-02-18_02-40.csv,0,2014-02-18 02:40:00,2014-02-19 02:09:00,23.48,24,392.4
icme/ICME_Wind_2014-02-18_05-59.csv,1,2014-02-18 05:59:00,2014-02-19 09:35:00,27.6,28,411.7
quiet/QUIET_Wind_2014-02-17_01-23.csv,0,2014-02-17 01:23:00,2014-02-18 04:59:00,27.6,27,379.8
icme/ICME_Wind_2014-02-15_12-46.csv,1,2014-02-15 12:46:00,2014-02-16 14:24:00,25.63,26,407.7
quiet/QUIET_Wind_2014-02-14_10-08.csv,0,2014-02-14 10:08:00,2014-02-15 11:46:00,25.63,25,337.8
icme/ICME_Wind_2014-02-05_12-50.csv,1,2014-02-05 12:50:00,2014-02-07 16:04:00,51.23,52,372.8
quiet/QUIET_Wind_2014-02-03_11-50.csv,0,2014-02-03 11:50:00,2014-02-05 11:50:00,48.0,48,346.1
icme/ICME_Wind_2013-12-24_20-36.csv,1,2013-12-24 20:36:00,2013-12-25 17:59:00,21.38,21,305.9
quiet/QUIET_Wind_2013-12-23_22-13.csv,0,2013-12-23 22:13:00,2013-12-24 19:36:00,21.38,21,288.1
icme/ICME_Wind_2013-12-14_16-47.csv,1,2013-12-14 16:47:00,2013-12-16 05:31:00,36.73,37,503.4
quiet/QUIET_Wind_2013-12-13_03-03.csv,0,2013-12-13 03:03:00,2013-12-14 15:47:00,36.73,36,325.9
icme/ICME_Wind_2013-12-08_07-31.csv,1,2013-12-08 07:31:00,2013-12-09 02:09:00,18.63,19,584.5
quiet/QUIET_Wind_2013-12-07_11-53.csv,0,2013-12-07 11:53:00,2013-12-08 06:31:00,18.63,19,391.7
icme/ICME_Wind_2013-11-30_20-23.csv,1,2013-11-30 20:23:00,2013-12-03 03:21:00,54.97,55,452.9
quiet/QUIET_Wind_2013-11-28_19-23.csv,0,2013-11-28 19:23:00,2013-11-30 19:23:00,48.0,48,324.5
icme/ICME_Wind_2013-11-23_00-14.csv,1,2013-11-23 00:14:00,2013-11-23 15:35:00,15.35,15,344.2
quiet/QUIET_Wind_2013-11-22_07-53.csv,0,2013-11-22 07:53:00,2013-11-22 23:14:00,15.35,16,315.3
icme/ICME_Wind_2013-11-08_21-07.csv,1,2013-11-08 21:07:00,2013-11-09 06:14:00,9.12,9,410.1
quiet/QUIET_Wind_2013-11-08_11-00.csv,0,2013-11-08 11:00:00,2013-11-08 20:07:00,9.12,10,390.0
icme/ICME_Wind_2013-10-30_18-14.csv,1,2013-10-30 18:14:00,2013-10-31 05:31:00,11.28,11,342.5
quiet/QUIET_Wind_2013-10-30_05-57.csv,0,2013-10-30 05:57:00,2013-10-30 17:14:00,11.28,12,338.5
icme/ICME_Wind_2013-10-03_00-00.csv,1,2013-10-03 00:00:00,2013-10-03 14:52:00,14.87,15,492.8
quiet/QUIET_Wind_2013-10-02_08-08.csv,0,2013-10-02 08:08:00,2013-10-02 23:00:00,14.87,15,587.9
icme/ICME_Wind_2013-10-02_01-15.csv,1,2013-10-02 01:15:00,2013-10-02 21:35:00,20.33,20,590.4
quiet/QUIET_Wind_2013-10-01_03-55.csv,0,2013-10-01 03:55:00,2013-10-02 00:15:00,20.33,21,320.9
icme/ICME_Wind_2013-09-01_06-14.csv,1,2013-09-01 06:14:00,2013-09-02 01:56:00,19.7,19,507.8
quiet/QUIET_Wind_2013-08-31_09-32.csv,0,2013-08-31 09:32:00,2013-09-01 05:14:00,19.7,20,427.9
icme/ICME_Wind_2013-07-12_16-43.csv,1,2013-07-12 16:43:00,2013-07-14 23:31:00,54.8,55,422.9
quiet/QUIET_Wind_2013-07-10_15-43.csv,0,2013-07-10 15:43:00,2013-07-12 15:43:00,48.0,48,430.3
icme/ICME_Wind_2013-07-04_17-17.csv,1,2013-07-04 17:17:00,2013-07-07 14:24:00,69.12,69,344.3
quiet/QUIET_Wind_2013-07-02_16-17.csv,0,2013-07-02 16:17:00,2013-07-04 16:17:00,48.0,48,371.2
icme/ICME_Wind_2013-06-27_13-51.csv,1,2013-06-27 13:51:00,2013-06-29 11:59:00,46.13,46,402.0
quiet/QUIET_Wind_2013-06-25_14-43.csv,0,2013-06-25 14:43:00,2013-06-27 12:51:00,46.13,46,437.8
icme/ICME_Wind_2013-06-06_02-09.csv,1,2013-06-06 02:09:00,2013-06-08 00:00:00,45.85,46,443.8
quiet/QUIET_Wind_2013-06-04_03-18.csv,0,2013-06-04 03:18:00,2013-06-06 01:09:00,45.85,46,534.5
icme/ICME_Wind_2013-05-14_02-23.csv,1,2013-05-14 02:23:00,2013-05-15 06:29:00,28.1,28,358.5
quiet/QUIET_Wind_2013-05-12_21-17.csv,0,2013-05-12 21:17:00,2013-05-14 01:23:00,28.1,28,347.9
icme/ICME_Wind_2013-04-30_08-52.csv,1,2013-04-30 08:52:00,2013-05-01 07:12:00,22.33,23,392.0
quiet/QUIET_Wind_2013-04-29_09-32.csv,0,2013-04-29 09:32:00,2013-04-30 07:52:00,22.33,22,370.0
icme/ICME_Wind_2013-04-13_22-14.csv,1,2013-04-13 22:14:00,2013-04-15 18:20:00,44.1,44,449.5
quiet/QUIET_Wind_2013-04-12_01-08.csv,0,2013-04-12 01:08:00,2013-04-13 21:14:00,44.1,44,426.3
icme/ICME_Wind_2013-03-17_05-21.csv,1,2013-03-17 05:21:00,2013-03-19 16:04:00,58.72,59,548.4
quiet/QUIET_Wind_2013-03-15_04-21.csv,0,2013-03-15 04:21:00,2013-03-17 04:21:00,48.0,48,443.7
icme/ICME_Wind_2013-01-19_16-50.csv,1,2013-01-19 16:50:00,2013-01-20 10:47:00,17.95,18,426.9
quiet/QUIET_Wind_2013-01-18_21-53.csv,0,2013-01-18 21:53:00,2013-01-19 15:50:00,17.95,18,432.2
icme/ICME_Wind_2013-01-18_22-47.csv,1,2013-01-18 22:47:00,2013-01-19 16:47:00,18.0,18,429.0
quiet/QUIET_Wind_2013-01-18_03-47.csv,0,2013-01-18 03:47:00,2013-01-18 21:47:00,18.0,18,424.1
icme/ICME_Wind_2013-01-16_23-31.csv,1,2013-01-16 23:31:00,2013-01-18 12:14:00,36.72,37,395.1
quiet/QUIET_Wind_2013-01-15_09-48.csv,0,2013-01-15 09:48:00,2013-01-16 22:31:00,36.72,37,417.2
icme/ICME_Wind_2012-11-23_20-51.csv,1,2012-11-23 20:51:00,2012-11-25 10:47:00,37.93,38,380.9
quiet/QUIET_Wind_2012-11-22_05-55.csv,0,2012-11-22 05:55:00,2012-11-23 19:51:00,37.93,38,334.6
icme/ICME_Wind_2012-11-12_22-12.csv,1,2012-11-12 22:12:00,2012-11-14 08:09:00,33.95,34,392.3
quiet/QUIET_Wind_2012-11-11_11-15.csv,0,2012-11-11 11:15:00,2012-11-12 21:12:00,33.95,34,299.6
icme/ICME_Wind_2012-10-31_14-28.csv,1,2012-10-31 14:28:00,2012-11-02 05:21:00,38.88,39,342.5
quiet/QUIET_Wind_2012-10-29_22-35.csv,0,2012-10-29 22:35:00,2012-10-31 13:28:00,38.88,39,278.4
icme/ICME_Wind_2012-10-12_08-09.csv,1,2012-10-12 08:09:00,2012-10-13 09:14:00,25.08,25,493.6
quiet/QUIET_Wind_2012-10-11_06-04.csv,0,2012-10-11 06:04:00,2012-10-12 07:09:00,25.08,25,470.3
icme/ICME_Wind_2012-10-08_04-12.csv,1,2012-10-08 04:12:00,2012-10-09 17:17:00,37.08,37,391.2
quiet/QUIET_Wind_2012-10-06_14-07.csv,0,2012-10-06 14:07:00,2012-10-08 03:12:00,37.08,37,323.9
icme/ICME_Wind_2012-09-30_10-14.csv,1,2012-09-30 10:14:00,2012-10-02 02:53:00,40.65,40,350.5
quiet/QUIET_Wind_2012-09-28_16-35.csv,0,2012-09-28 16:35:00,2012-09-30 09:14:00,40.65,41,300.0
icme/ICME_Wind_2012-09-12_19-55.csv,1,2012-09-12 19:55:00,2012-09-13 15:21:00,19.43,20,360.1
quiet/QUIET_Wind_2012-09-11_23-29.csv,0,2012-09-11 23:29:00,2012-09-12 18:55:00,19.43,19,287.6
icme/ICME_Wind_2012-09-06_00-00.csv,1,2012-09-06 00:00:00,2012-09-06 15:50:00,15.83,16,429.7
quiet/QUIET_Wind_2012-09-05_07-10.csv,0,2012-09-05 07:10:00,2012-09-05 23:00:00,15.83,16,489.9
icme/ICME_Wind_2012-09-04_22-02.csv,1,2012-09-04 22:02:00,2012-09-05 17:45:00,19.72,19,509.1
quiet/QUIET_Wind_2012-09-04_01-19.csv,0,2012-09-04 01:19:00,2012-09-04 21:02:00,19.72,20,420.8
icme/ICME_Wind_2012-09-01_07-12.csv,1,2012-09-01 07:12:00,2012-09-03 11:23:00,52.18,52,317.0
quiet/QUIET_Wind_2012-08-30_06-12.csv,0,2012-08-30 06:12:00,2012-09-01 06:12:00,48.0,48,368.1
icme/ICME_Wind_2012-08-30_15-35.csv,1,2012-08-30 15:35:00,2012-08-31 05:31:00,13.93,14,408.9
quiet/QUIET_Wind_2012-08-30_00-39.csv,0,2012-08-30 00:39:00,2012-08-30 14:35:00,13.93,14,436.9
icme/ICME_Wind_2012-08-18_03-25.csv,1,2012-08-18 03:25:00,2012-08-19 08:23:00,28.97,29,383.2
quiet/QUIET_Wind_2012-08-16_21-27.csv,0,2012-08-16 21:27:00,2012-08-18 02:25:00,28.97,29,418.2
icme/ICME_Wind_2012-08-12_12-37.csv,1,2012-08-12 12:37:00,2012-08-13 05:02:00,16.42,17,371.6
quiet/QUIET_Wind_2012-08-11_19-12.csv,0,2012-08-11 19:12:00,2012-08-12 11:37:00,16.42,16,348.4
icme/ICME_Wind_2012-07-14_17-38.csv,1,2012-07-14 17:38:00,2012-07-17 03:22:00,57.73,58,513.3
quiet/QUIET_Wind_2012-07-12_16-38.csv,0,2012-07-12 16:38:00,2012-07-14 16:38:00,48.0,48,354.3
icme/ICME_Wind_2012-07-08_02-10.csv,1,2012-07-08 02:10:00,2012-07-10 01:42:00,47.53,47,415.0
quiet/QUIET_Wind_2012-07-06_01-38.csv,0,2012-07-06 01:38:00,2012-07-08 01:10:00,47.53,48,453.1
icme/ICME_Wind_2012-06-16_19-34.csv,1,2012-06-16 19:34:00,2012-06-17 11:23:00,15.82,16,456.0
quiet/QUIET_Wind_2012-06-16_02-45.csv,0,2012-06-16 02:45:00,2012-06-16 18:34:00,15.82,16,357.9
icme/ICME_Wind_2012-06-11_02-52.csv,1,2012-06-11 02:52:00,2012-06-12 05:16:00,26.4,27,406.5
quiet/QUIET_Wind_2012-06-09_23-28.csv,0,2012-06-09 23:28:00,2012-06-11 01:52:00,26.4,26,428.1
icme/ICME_Wind_2012-05-16_12-28.csv,1,2012-05-16 12:28:00,2012-05-18 02:11:00,37.72,38,377.3
quiet/QUIET_Wind_2012-05-14_21-45.csv,0,2012-05-14 21:45:00,2012-05-16 11:28:00,37.72,38,401.4
icme/ICME_Wind_2012-05-03_00-59.csv,1,2012-05-03 00:59:00,2012-05-05 11:23:00,58.4,59,304.4
quiet/QUIET_Wind_2012-04-30_23-59.csv,0,2012-04-30 23:59:00,2012-05-02 23:59:00,48.0,48,299.0
icme/ICME_Wind_2012-04-23_02-15.csv,1,2012-04-23 02:15:00,2012-04-24 02:52:00,24.62,24,378.0
quiet/QUIET_Wind_2012-04-22_00-38.csv,0,2012-04-22 00:38:00,2012-04-23 01:15:00,24.62,25,319.6
icme/ICME_Wind_2012-04-11_06-28.csv,1,2012-04-11 06:28:00,2012-04-12 03:36:00,21.13,21,327.8
quiet/QUIET_Wind_2012-04-10_08-20.csv,0,2012-04-10 08:20:00,2012-04-11 05:28:00,21.13,21,333.4
icme/ICME_Wind_2012-04-05_14-23.csv,1,2012-04-05 14:23:00,2012-04-06 21:36:00,31.22,31,342.9
quiet/QUIET_Wind_2012-04-04_06-10.csv,0,2012-04-04 06:10:00,2012-04-05 13:23:00,31.22,31,336.1
icme/ICME_Wind_2012-03-15_12-35.csv,1,2012-03-15 12:35:00,2012-03-16 14:10:00,25.58,26,698.0
quiet/QUIET_Wind_2012-03-14_10-00.csv,0,2012-03-14 10:00:00,2012-03-15 11:35:00,25.58,26,505.8
icme/ICME_Wind_2012-03-12_08-28.csv,1,2012-03-12 08:28:00,2012-03-14 02:52:00,42.4,42,602.1
quiet/QUIET_Wind_2012-03-10_13-04.csv,0,2012-03-10 13:04:00,2012-03-12 07:28:00,42.4,42,444.5
icme/ICME_Wind_2012-03-08_10-32.csv,1,2012-03-08 10:32:00,2012-03-11 07:26:00,68.9,69,589.9
quiet/QUIET_Wind_2012-03-06_09-32.csv,0,2012-03-06 09:32:00,2012-03-08 09:32:00,48.0,48,457.4
icme/ICME_Wind_2012-02-26_20-59.csv,1,2012-02-26 20:59:00,2012-03-01 05:45:00,80.77,81,448.6
quiet/QUIET_Wind_2012-02-24_19-59.csv,0,2012-02-24 19:59:00,2012-02-26 19:59:00,48.0,48,413.8
icme/ICME_Wind_2012-02-14_07-11.csv,1,2012-02-14 07:11:00,2012-02-16 04:48:00,45.62,45,384.0
quiet/QUIET_Wind_2012-02-12_08-34.csv,0,2012-02-12 08:34:00,2012-02-14 06:11:00,45.62,46,361.7
icme/ICME_Wind_2012-01-24_14-36.csv,1,2012-01-24 14:36:00,2012-01-25 10:32:00,19.93,20,597.6
quiet/QUIET_Wind_2012-01-23_17-40.csv,0,2012-01-23 17:40:00,2012-01-24 13:36:00,19.93,20,404.4
icme/ICME_Wind_2012-01-22_05-33.csv,1,2012-01-22 05:33:00,2012-01-22 17:59:00,12.43,12,411.1
quiet/QUIET_Wind_2012-01-21_16-07.csv,0,2012-01-21 16:07:00,2012-01-22 04:33:00,12.43,12,326.1
icme/ICME_Wind_2012-01-21_04-02.csv,1,2012-01-21 04:02:00,2012-01-22 06:57:00,26.92,26,324.5
quiet/QUIET_Wind_2012-01-20_00-07.csv,0,2012-01-20 00:07:00,2012-01-21 03:02:00,26.92,27,338.0
icme/ICME_Wind_2011-11-28_20-59.csv,1,2011-11-28 20:59:00,2011-11-30 17:59:00,45.0,45,439.3
quiet/QUIET_Wind_2011-11-26_22-59.csv,0,2011-11-26 22:59:00,2011-11-28 19:59:00,45.0,45,380.4
icme/ICME_Wind_2011-11-11_03-01.csv,1,2011-11-11 03:01:00,2011-11-12 05:02:00,26.02,26,377.7
quiet/QUIET_Wind_2011-11-10_00-00.csv,0,2011-11-10 00:00:00,2011-11-11 02:01:00,26.02,27,359.6
icme/ICME_Wind_2011-11-07_06-57.csv,1,2011-11-07 06:57:00,2011-11-08 00:43:00,17.77,18,337.4
quiet/QUIET_Wind_2011-11-06_12-11.csv,0,2011-11-06 12:11:00,2011-11-07 05:57:00,17.77,17,321.2
icme/ICME_Wind_2011-11-04_20-27.csv,1,2011-11-04 20:27:00,2011-11-05 20:09:00,23.7,24,305.3
quiet/QUIET_Wind_2011-11-03_19-45.csv,0,2011-11-03 19:45:00,2011-11-04 19:27:00,23.7,24,326.8
icme/ICME_Wind_2011-11-02_00-21.csv,1,2011-11-02 00:21:00,2011-11-03 04:33:00,28.2,28,371.6
quiet/QUIET_Wind_2011-10-31_19-09.csv,0,2011-10-31 19:09:00,2011-11-01 23:21:00,28.2,28,390.9
icme/ICME_Wind_2011-11-01_08-09.csv,1,2011-11-01 08:09:00,2011-11-01 22:04:00,13.92,14,409.4
quiet/QUIET_Wind_2011-10-31_17-14.csv,0,2011-10-31 17:14:00,2011-11-01 07:09:00,13.92,14,374.5
icme/ICME_Wind_2011-10-24_17-41.csv,1,2011-10-24 17:41:00,2011-10-25 23:31:00,29.83,30,483.0
quiet/QUIET_Wind_2011-10-23_10-51.csv,0,2011-10-23 10:51:00,2011-10-24 16:41:00,29.83,30,316.1
icme/ICME_Wind_2011-10-05_06-46.csv,1,2011-10-05 06:46:00,2011-10-07 02:06:00,43.33,44,402.0
quiet/QUIET_Wind_2011-10-03_10-26.csv,0,2011-10-03 10:26:00,2011-10-05 05:46:00,43.33,43,367.1
icme/ICME_Wind_2011-09-17_02-57.csv,1,2011-09-17 02:57:00,2011-09-18 21:07:00,42.17,43,456.4
quiet/QUIET_Wind_2011-09-15_07-47.csv,0,2011-09-15 07:47:00,2011-09-17 01:57:00,42.17,42,437.0
icme/ICME_Wind_2011-09-09_11-46.csv,1,2011-09-09 11:46:00,2011-09-09 18:20:00,6.57,7,441.0
quiet/QUIET_Wind_2011-09-09_04-12.csv,0,2011-09-09 04:12:00,2011-09-09 10:46:00,6.57,6,320.7
icme/ICME_Wind_2011-07-03_19-12.csv,1,2011-07-03 19:12:00,2011-07-04 19:12:00,24.0,24,390.6
quiet/QUIET_Wind_2011-07-02_18-12.csv,0,2011-07-02 18:12:00,2011-07-03 18:12:00,24.0,24,399.0
icme/ICME_Wind_2011-06-30_13-26.csv,1,2011-06-30 13:26:00,2011-07-01 05:16:00,15.83,16,326.8
quiet/QUIET_Wind_2011-06-29_20-36.csv,0,2011-06-29 20:36:00,2011-06-30 12:26:00,15.83,16,336.2
icme/ICME_Wind_2011-06-17_02-09.csv,1,2011-06-17 02:09:00,2011-06-19 07:12:00,53.05,53,434.5
quiet/QUIET_Wind_2011-06-15_01-09.csv,0,2011-06-15 01:09:00,2011-06-17 01:09:00,48.0,48,464.4
icme/ICME_Wind_2011-06-04_20-06.csv,1,2011-06-04 20:06:00,2011-06-05 18:14:00,22.13,22,504.5
quiet/QUIET_Wind_2011-06-03_20-58.csv,0,2011-06-03 20:58:00,2011-06-04 19:06:00,22.13,23,357.0
icme/ICME_Wind_2011-05-28_00-14.csv,1,2011-05-28 00:14:00,2011-05-28 22:48:00,22.57,22,509.1
quiet/QUIET_Wind_2011-05-27_00-40.csv,0,2011-05-27 00:40:00,2011-05-27 23:14:00,22.57,23,430.6
icme/ICME_Wind_2011-04-29_09-07.csv,1,2011-04-29 09:07:00,2011-04-29 20:52:00,11.75,11,371.9
quiet/QUIET_Wind_2011-04-28_20-22.csv,0,2011-04-28 20:22:00,2011-04-29 08:07:00,11.75,12,354.2
icme/ICME_Wind_2011-04-23_00-01.csv,1,2011-04-23 00:01:00,2011-04-24 13:11:00,37.17,37,397.0
quiet/QUIET_Wind_2011-04-21_09-51.csv,0,2011-04-21 09:51:00,2011-04-22 23:01:00,37.17,38,429.2
icme/ICME_Wind_2011-03-29_15-12.csv,1,2011-03-29 15:12:00,2011-04-01 14:52:00,71.67,71,347.2
quiet/QUIET_Wind_2011-03-27_14-12.csv,0,2011-03-27 14:12:00,2011-03-29 14:12:00,48.0,48,346.1
icme/ICME_Wind_2011-02-18_10-35.csv,1,2011-02-18 10:35:00,2011-02-20 21:35:00,59.0,59,477.3
quiet/QUIET_Wind_2011-02-16_09-35.csv,0,2011-02-16 09:35:00,2011-02-18 09:35:00,48.0,48,402.1
icme/ICME_Wind_2011-02-18_00-48.csv,1,2011-02-18 00:48:00,2011-02-18 09:56:00,9.13,9,497.3
quiet/QUIET_Wind_2011-02-17_14-40.csv,0,2011-02-17 14:40:00,2011-02-17 23:48:00,9.13,9,352.7
icme/ICME_Wind_2011-02-04_01-50.csv,1,2011-02-04 01:50:00,2011-02-04 19:26:00,17.6,18,385.8
quiet/QUIET_Wind_2011-02-03_07-14.csv,0,2011-02-03 07:14:00,2011-02-04 00:50:00,17.6,17,331.9
icme/ICME_Wind_2011-01-24_06-43.csv,1,2011-01-24 06:43:00,2011-01-25 22:04:00,39.35,40,348.2
quiet/QUIET_Wind_2011-01-22_14-22.csv,0,2011-01-22 14:22:00,2011-01-24 05:43:00,39.35,39,358.3
icme/ICME_Wind_2010-12-19_20-35.csv,1,2010-12-19 20:35:00,2010-12-20 22:04:00,25.48,26,384.0
quiet/QUIET_Wind_2010-12-18_18-06.csv,0,2010-12-18 18:06:00,2010-12-19 19:35:00,25.48,25,382.7
icme/ICME_Wind_2010-10-31_02-09.csv,1,2010-10-31 02:09:00,2010-11-01 20:38:00,42.48,42,345.1
quiet/QUIET_Wind_2010-10-29_06-40.csv,0,2010-10-29 06:40:00,2010-10-31 01:09:00,42.48,43,371.4
icme/ICME_Wind_2010-10-30_09-15.csv,1,2010-10-30 09:15:00,2010-10-30 20:33:00,11.3,11,379.5
quiet/QUIET_Wind_2010-10-29_20-57.csv,0,2010-10-29 20:57:00,2010-10-30 08:15:00,11.3,12,356.0
icme/ICME_Wind_2010-10-11_05-45.csv,1,2010-10-11 05:45:00,2010-10-11 18:28:00,12.72,13,354.5
quiet/QUIET_Wind_2010-10-10_16-02.csv,0,2010-10-10 16:02:00,2010-10-11 04:45:00,12.72,12,328.2
icme/ICME_Wind_2010-09-25_11-45.csv,1,2010-09-25 11:45:00,2010-09-26 08:09:00,20.4,21,482.4
quiet/QUIET_Wind_2010-09-24_14-21.csv,0,2010-09-24 14:21:00,2010-09-25 10:45:00,20.4,20,584.6
icme/ICME_Wind_2010-09-15_02-24.csv,1,2010-09-15 02:24:00,2010-09-16 11:59:00,33.58,33,370.2
quiet/QUIET_Wind_2010-09-13_15-49.csv,0,2010-09-13 15:49:00,2010-09-15 01:24:00,33.58,34,330.9
icme/ICME_Wind_2010-08-03_17-05.csv,1,2010-08-03 17:05:00,2010-08-05 00:57:00,31.87,31,558.5
quiet/QUIET_Wind_2010-08-02_08-13.csv,0,2010-08-02 08:13:00,2010-08-03 16:05:00,31.87,32,428.7
icme/ICME_Wind_2010-06-21_03-35.csv,1,2010-06-21 03:35:00,2010-06-22 12:43:00,33.13,33,366.5
quiet/QUIET_Wind_2010-06-19_17-27.csv,0,2010-06-19 17:27:00,2010-06-21 02:35:00,33.13,33,382.8
icme/ICME_Wind_2010-05-28_01-52.csv,1,2010-05-28 01:52:00,2010-05-29 17:59:00,40.12,40,360.0
quiet/QUIET_Wind_2010-05-26_08-45.csv,0,2010-05-26 08:45:00,2010-05-28 00:52:00,40.12,40,334.2
icme/ICME_Wind_2010-05-18_02-23.csv,1,2010-05-18 02:23:00,2010-05-19 07:26:00,29.05,29,354.6
quiet/QUIET_Wind_2010-05-16_20-20.csv,0,2010-05-16 20:20:00,2010-05-18 01:23:00,29.05,29,353.9
icme/ICME_Wind_2010-04-11_12-20.csv,1,2010-04-11 12:20:00,2010-04-12 14:12:00,25.87,26,417.5
quiet/QUIET_Wind_2010-04-10_09-28.csv,0,2010-04-10 09:28:00,2010-04-11 11:20:00,25.87,26,375.7
icme/ICME_Wind_2010-04-05_07-55.csv,1,2010-04-05 07:55:00,2010-04-06 16:48:00,32.88,33,646.8
quiet/QUIET_Wind_2010-04-03_22-02.csv,0,2010-04-03 22:02:00,2010-04-05 06:55:00,32.88,32,501.4
icme/ICME_Wind_2010-03-23_22-29.csv,1,2010-03-23 22:29:00,2010-03-24 15:36:00,17.12,17,290.6
quiet/QUIET_Wind_2010-03-23_04-22.csv,0,2010-03-23 04:22:00,2010-03-23 21:29:00,17.12,17,290.6
icme/ICME_Wind_2010-02-07_18-04.csv,1,2010-02-07 18:04:00,2010-02-09 05:42:00,35.63,35,363.2
quiet/QUIET_Wind_2010-02-06_05-26.csv,0,2010-02-06 05:26:00,2010-02-07 17:04:00,35.63,36,350.1
icme/ICME_Wind_2010-01-01_22-04.csv,1,2010-01-01 22:04:00,2010-01-03 09:07:00,35.05,35,286.8
quiet/QUIET_Wind_2009-12-31_10-01.csv,0,2009-12-31 10:01:00,2010-01-01 21:04:00,35.05,35,284.2
icme/ICME_Wind_2009-12-12_04-47.csv,1,2009-12-12 04:47:00,2009-12-14 04:47:00,48.0,48,274.7
quiet/QUIET_Wind_2009-12-10_03-47.csv,0,2009-12-10 03:47:00,2009-12-12 03:47:00,48.0,48,271.4
icme/ICME_Wind_2009-11-14_10-47.csv,1,2009-11-14 10:47:00,2009-11-15 11:45:00,24.97,25,333.3
quiet/QUIET_Wind_2009-11-13_08-49.csv,0,2009-11-13 08:49:00,2009-11-14 09:47:00,24.97,25,297.7
icme/ICME_Wind_2009-11-01_10-04.csv,1,2009-11-01 10:04:00,2009-11-02 08:21:00,22.28,22,348.0
quiet/QUIET_Wind_2009-10-31_10-47.csv,0,2009-10-31 10:47:00,2009-11-01 09:04:00,22.28,23,330.4
icme/ICME_Wind_2009-10-29_01-26.csv,1,2009-10-29 01:26:00,2009-10-29 23:45:00,22.32,22,363.9
quiet/QUIET_Wind_2009-10-28_02-07.csv,0,2009-10-28 02:07:00,2009-10-29 00:26:00,22.32,22,355.1
icme/ICME_Wind_2009-09-30_00-44.csv,1,2009-09-30 00:44:00,2009-09-30 19:11:00,18.45,19,346.7
quiet/QUIET_Wind_2009-09-29_05-17.csv,0,2009-09-29 05:17:00,2009-09-29 23:44:00,18.45,18,315.9
icme/ICME_Wind_2009-09-10_10-19.csv,1,2009-09-10 10:19:00,2009-09-10 19:26:00,9.12,9,306.0
quiet/QUIET_Wind_2009-09-10_00-12.csv,0,2009-09-10 00:12:00,2009-09-10 09:19:00,9.12,9,303.1
icme/ICME_Wind_2009-07-21_02-53.csv,1,2009-07-21 02:53:00,2009-07-22 03:36:00,24.72,25,318.0
quiet/QUIET_Wind_2009-07-20_01-10.csv,0,2009-07-20 01:10:00,2009-07-21 01:53:00,24.72,24,307.1
icme/ICME_Wind_2009-06-27_11-02.csv,1,2009-06-27 11:02:00,2009-06-28 20:24:00,33.37,33,392.8
quiet/QUIET_Wind_2009-06-26_00-40.csv,0,2009-06-26 00:40:00,2009-06-27 10:02:00,33.37,34,413.7
icme/ICME_Wind_2009-06-03_13-40.csv,1,2009-06-03 13:40:00,2009-06-05 05:31:00,39.85,40,312.4
quiet/QUIET_Wind_2009-06-01_20-49.csv,0,2009-06-01 20:49:00,2009-06-03 12:40:00,39.85,40,301.6
icme/ICME_Wind_2009-04-22_11-16.csv,1,2009-04-22 11:16:00,2009-04-22 20:38:00,9.37,9,393.3
quiet/QUIET_Wind_2009-04-22_00-54.csv,0,2009-04-22 00:54:00,2009-04-22 10:16:00,9.37,10,395.7
icme/ICME_Wind_2009-04-05_16-04.csv,1,2009-04-05 16:04:00,2009-04-06 04:48:00,12.73,12,400.6
quiet/QUIET_Wind_2009-04-05_02-20.csv,0,2009-04-05 02:20:00,2009-04-05 15:04:00,12.73,13,347.8
icme/ICME_Wind_2009-03-11_22-04.csv,1,2009-03-11 22:04:00,2009-03-13 01:40:00,27.6,27,357.9
quiet/QUIET_Wind_2009-03-10_17-28.csv,0,2009-03-10 17:28:00,2009-03-11 21:04:00,27.6,28,334.9
icme/ICME_Wind_2009-02-03_19-21.csv,1,2009-02-03 19:21:00,2009-02-04 19:40:00,24.32,24,355.8
quiet/QUIET_Wind_2009-02-02_18-02.csv,0,2009-02-02 18:02:00,2009-02-03 18:21:00,24.32,24,330.2
icme/ICME_Wind_2009-01-26_05-02.csv,1,2009-01-26 05:02:00,2009-01-26 15:21:00,10.32,10,347.5
quiet/QUIET_Wind_2009-01-25_17-43.csv,0,2009-01-25 17:43:00,2009-01-26 04:02:00,10.32,11,334.7
icme/ICME_Wind_2009-01-02_02-49.csv,1,2009-01-02 02:49:00,2009-01-02 17:16:00,14.45,15,405.2
quiet/QUIET_Wind_2009-01-01_11-22.csv,0,2009-01-01 11:22:00,2009-01-02 01:49:00,14.45,14,425.6
icme/ICME_Wind_2008-12-17_03-35.csv,1,2008-12-17 03:35:00,2008-12-17 15:35:00,12.0,12,340.3
quiet/QUIET_Wind_2008-12-16_14-35.csv,0,2008-12-16 14:35:00,2008-12-17 02:35:00,12.0,12,356.1
icme/ICME_Wind_2008-12-04_11-59.csv,1,2008-12-04 11:59:00,2008-12-05 10:47:00,22.8,23,399.7
quiet/QUIET_Wind_2008-12-03_12-11.csv,0,2008-12-03 12:11:00,2008-12-04 10:59:00,22.8,22,425.9
icme/ICME_Wind_2008-09-17_00-43.csv,1,2008-09-17 00:43:00,2008-09-18 08:09:00,31.43,32,416.9
quiet/QUIET_Wind_2008-09-15_16-17.csv,0,2008-09-15 16:17:00,2008-09-16 23:43:00,31.43,31,542.2
icme/ICME_Wind_2008-09-03_16-33.csv,1,2008-09-03 16:33:00,2008-09-04 03:50:00,11.28,11,469.5
quiet/QUIET_Wind_2008-09-03_04-16.csv,0,2008-09-03 04:16:00,2008-09-03 15:33:00,11.28,11,400.7
icme/ICME_Wind_2008-05-23_01-12.csv,1,2008-05-23 01:12:00,2008-05-23 10:47:00,9.58,9,502.3
quiet/QUIET_Wind_2008-05-22_14-37.csv,0,2008-05-22 14:37:00,2008-05-23 00:12:00,9.58,10,545.7
icme/ICME_Wind_2007-12-25_16-19.csv,1,2007-12-25 16:19:00,2007-12-26 09:35:00,17.27,17,350.5
quiet/QUIET_Wind_2007-12-24_22-03.csv,0,2007-12-24 22:03:00,2007-12-25 15:19:00,17.27,17,388.9
icme/ICME_Wind_2007-11-19_17-22.csv,1,2007-11-19 17:22:00,2007-11-20 11:31:00,18.15,18,451.6
quiet/QUIET_Wind_2007-11-18_22-13.csv,0,2007-11-18 22:13:00,2007-11-19 16:22:00,18.15,18,373.8
icme/ICME_Wind_2007-06-08_05-45.csv,1,2007-06-08 05:45:00,2007-06-09 05:15:00,23.5,24,361.8
quiet/QUIET_Wind_2007-06-07_05-15.csv,0,2007-06-07 05:15:00,2007-06-08 04:45:00,23.5,23,332.6
icme/ICME_Wind_2007-05-21_22-40.csv,1,2007-05-21 22:40:00,2007-05-22 13:25:00,14.75,15,452.7
quiet/QUIET_Wind_2007-05-21_06-55.csv,0,2007-05-21 06:55:00,2007-05-21 21:40:00,14.75,15,504.0
icme/ICME_Wind_2007-03-29_15-04.csv,1,2007-03-29 15:04:00,2007-03-30 00:03:00,8.98,9,396.1
quiet/QUIET_Wind_2007-03-29_05-05.csv,0,2007-03-29 05:05:00,2007-03-29 14:04:00,8.98,9,393.7
icme/ICME_Wind_2007-01-15_20-49.csv,1,2007-01-15 20:49:00,2007-01-16 04:45:00,7.93,8,523.9
quiet/QUIET_Wind_2007-01-15_11-53.csv,0,2007-01-15 11:53:00,2007-01-15 19:49:00,7.93,8,566.2
icme/ICME_Wind_2007-01-14_11-31.csv,1,2007-01-14 11:31:00,2007-01-15 07:45:00,20.23,20,359.0
quiet/QUIET_Wind_2007-01-13_14-17.csv,0,2007-01-13 14:17:00,2007-01-14 10:31:00,20.23,20,347.0
icme/ICME_Wind_2006-12-16_17-34.csv,1,2006-12-16 17:34:00,2006-12-17 19:11:00,25.62,26,603.0
quiet/QUIET_Wind_2006-12-15_14-57.csv,0,2006-12-15 14:57:00,2006-12-16 16:34:00,25.62,26,622.8
icme/ICME_Wind_2006-12-14_13-51.csv,1,2006-12-14 13:51:00,2006-12-15 13:40:00,23.82,24,813.9
quiet/QUIET_Wind_2006-12-13_13-02.csv,0,2006-12-13 13:02:00,2006-12-14 12:51:00,23.82,23,608.0
icme/ICME_Wind_2006-11-29_02-58.csv,1,2006-11-29 02:58:00,2006-11-30 09:35:00,30.62,31,425.2
quiet/QUIET_Wind_2006-11-27_19-21.csv,0,2006-11-27 19:21:00,2006-11-29 01:58:00,30.62,30,496.5
icme/ICME_Wind_2006-11-18_07-11.csv,1,2006-11-18 07:11:00,2006-11-20 04:47:00,45.6,45,397.6
quiet/QUIET_Wind_2006-11-16_08-35.csv,0,2006-11-16 08:35:00,2006-11-18 06:11:00,45.6,46,378.2
icme/ICME_Wind_2006-11-01_21-21.csv,1,2006-11-01 21:21:00,2006-11-02 14:22:00,17.02,17,374.6
quiet/QUIET_Wind_2006-11-01_03-20.csv,0,2006-11-01 03:20:00,2006-11-01 20:21:00,17.02,17,410.1
icme/ICME_Wind_2006-09-30_02-52.csv,1,2006-09-30 02:52:00,2006-09-30 22:03:00,19.18,20,384.1
quiet/QUIET_Wind_2006-09-29_06-41.csv,0,2006-09-29 06:41:00,2006-09-30 01:52:00,19.18,19,291.7
icme/ICME_Wind_2006-08-30_20-38.csv,1,2006-08-30 20:38:00,2006-09-01 07:12:00,34.57,35,397.8
quiet/QUIET_Wind_2006-08-29_09-04.csv,0,2006-08-29 09:04:00,2006-08-30 19:38:00,34.57,34,525.4
icme/ICME_Wind_2006-08-19_09-38.csv,1,2006-08-19 09:38:00,2006-08-21 17:02:00,55.4,56,414.4
quiet/QUIET_Wind_2006-08-17_08-38.csv,0,2006-08-17 08:38:00,2006-08-19 08:38:00,48.0,48,344.6
icme/ICME_Wind_2006-07-09_20-40.csv,1,2006-07-09 20:40:00,2006-07-11 17:45:00,45.08,45,380.7
quiet/QUIET_Wind_2006-07-07_22-35.csv,0,2006-07-07 22:35:00,2006-07-09 19:40:00,45.08,45,392.0
icme/ICME_Wind_2006-06-14_08-09.csv,1,2006-06-14 08:09:00,2006-06-14 16:25:00,8.27,8,383.5
quiet/QUIET_Wind_2006-06-13_22-53.csv,0,2006-06-13 22:53:00,2006-06-14 07:09:00,8.27,9,351.8
icme/ICME_Wind_2006-04-14_13-11.csv,1,2006-04-14 13:11:00,2006-04-14 23:15:00,10.07,10,513.8
quiet/QUIET_Wind_2006-04-14_02-07.csv,0,2006-04-14 02:07:00,2006-04-14 12:11:00,10.07,10,525.1
icme/ICME_Wind_2006-04-13_13-26.csv,1,2006-04-13 13:26:00,2006-04-14 11:02:00,21.6,22,522.2
quiet/QUIET_Wind_2006-04-12_14-50.csv,0,2006-04-12 14:50:00,2006-04-13 12:26:00,21.6,22,397.9
icme/ICME_Wind_2006-02-05_18-14.csv,1,2006-02-05 18:14:00,2006-02-06 11:59:00,17.75,17,345.0
quiet/QUIET_Wind_2006-02-04_23-29.csv,0,2006-02-04 23:29:00,2006-02-05 17:14:00,17.75,18,353.2
icme/ICME_Wind_2005-10-31_02-23.csv,1,2005-10-31 02:23:00,2005-10-31 18:42:00,16.32,16,374.6
quiet/QUIET_Wind_2005-10-30_09-04.csv,0,2005-10-30 09:04:00,2005-10-31 01:23:00,16.32,16,356.8
icme/ICME_Wind_2005-08-10_04-47.csv,1,2005-08-10 04:47:00,2005-08-10 13:26:00,8.65,9,441.8
quiet/QUIET_Wind_2005-08-09_19-08.csv,0,2005-08-09 19:08:00,2005-08-10 03:47:00,8.65,8,438.2
icme/ICME_Wind_2005-07-17_14-52.csv,1,2005-07-17 14:52:00,2005-07-18 05:59:00,15.12,15,428.4
quiet/QUIET_Wind_2005-07-16_22-45.csv,0,2005-07-16 22:45:00,2005-07-17 13:52:00,15.12,15,467.2
icme/ICME_Wind_2005-07-10_02-42.csv,1,2005-07-10 02:42:00,2005-07-12 14:23:00,59.68,60,438.7
quiet/QUIET_Wind_2005-07-08_01-42.csv,0,2005-07-08 01:42:00,2005-07-10 01:42:00,48.0,48,331.0
icme/ICME_Wind_2005-06-14_17-55.csv,1,2005-06-14 17:55:00,2005-06-16 08:23:00,38.47,39,493.7
quiet/QUIET_Wind_2005-06-13_02-27.csv,0,2005-06-13 02:27:00,2005-06-14 16:55:00,38.47,38,458.1
icme/ICME_Wind_2005-06-12_06-57.csv,1,2005-06-12 06:57:00,2005-06-13 17:59:00,35.03,35,462.5
quiet/QUIET_Wind_2005-06-10_18-55.csv,0,2005-06-10 18:55:00,2005-06-12 05:57:00,35.03,35,315.9
icme/ICME_Wind_2005-05-20_04-47.csv,1,2005-05-20 04:47:00,2005-05-22 02:23:00,45.6,46,434.1
quiet/QUIET_Wind_2005-05-18_06-11.csv,0,2005-05-18 06:11:00,2005-05-20 03:47:00,45.6,45,493.1
icme/ICME_Wind_2005-05-15_02-10.csv,1,2005-05-15 02:10:00,2005-05-16 22:47:00,44.62,44,752.7
quiet/QUIET_Wind_2005-05-13_04-33.csv,0,2005-05-13 04:33:00,2005-05-15 01:10:00,44.62,45,498.5
icme/ICME_Wind_2005-02-20_15-32.csv,1,2005-02-20 15:32:00,2005-02-22 07:11:00,39.65,40,411.6
quiet/QUIET_Wind_2005-02-18_22-53.csv,0,2005-02-18 22:53:00,2005-02-20 14:32:00,39.65,40,492.7
icme/ICME_Wind_2005-02-17_21-35.csv,1,2005-02-17 21:35:00,2005-02-19 08:23:00,34.8,35,506.8
quiet/QUIET_Wind_2005-02-16_09-47.csv,0,2005-02-16 09:47:00,2005-02-17 20:35:00,34.8,35,399.0
icme/ICME_Wind_2005-02-16_10-33.csv,1,2005-02-16 10:33:00,2005-02-16 23:30:00,12.95,13,394.5
quiet/QUIET_Wind_2005-02-15_20-36.csv,0,2005-02-15 20:36:00,2005-02-16 09:33:00,12.95,13,391.6
icme/ICME_Wind_2005-01-21_16-58.csv,1,2005-01-21 16:58:00,2005-01-22 19:12:00,26.23,27,810.5
icme/ICME_Wind_2005-01-18_21-35.csv,1,2005-01-18 21:35:00,2005-01-20 02:23:00,28.8,29,833.6
quiet/QUIET_Wind_2005-01-17_15-47.csv,0,2005-01-17 15:47:00,2005-01-18 20:35:00,28.8,29,744.2
icme/ICME_Wind_2005-01-16_09-27.csv,1,2005-01-16 09:27:00,2005-01-17 07:00:00,21.55,22,539.7
quiet/QUIET_Wind_2005-01-15_10-54.csv,0,2005-01-15 10:54:00,2005-01-16 08:27:00,21.55,22,569.2
icme/ICME_Wind_2005-01-08_15-12.csv,1,2005-01-08 15:12:00,2005-01-09 17:45:00,26.55,26,472.7
quiet/QUIET_Wind_2005-01-07_11-39.csv,0,2005-01-07 11:39:00,2005-01-08 14:12:00,26.55,27,527.0
icme/ICME_Wind_2005-01-07_08-44.csv,1,2005-01-07 08:44:00,2005-01-08 07:12:00,22.47,23,541.0
quiet/QUIET_Wind_2005-01-06_09-16.csv,0,2005-01-06 09:16:00,2005-01-07 07:44:00,22.47,22,521.3
icme/ICME_Wind_2004-12-10_04-47.csv,1,2004-12-10 04:47:00,2004-12-10 21:35:00,16.8,17,415.5
quiet/QUIET_Wind_2004-12-09_10-59.csv,0,2004-12-09 10:59:00,2004-12-10 03:47:00,16.8,17,405.9
icme/ICME_Wind_2004-11-11_16-47.csv,1,2004-11-11 16:47:00,2004-11-13 09:35:00,40.8,41,580.8
quiet/QUIET_Wind_2004-11-09_22-59.csv,0,2004-11-09 22:59:00,2004-11-11 15:47:00,40.8,41,655.0
icme/ICME_Wind_2004-11-09_18-25.csv,1,2004-11-09 18:25:00,2004-11-10 16:47:00,22.37,22,739.5
quiet/QUIET_Wind_2004-11-08_19-03.csv,0,2004-11-08 19:03:00,2004-11-09 17:25:00,22.37,22,637.7
icme/ICME_Wind_2004-11-07_17-58.csv,1,2004-11-07 17:58:00,2004-11-09 09:20:00,39.37,40,641.9
quiet/QUIET_Wind_2004-11-06_01-36.csv,0,2004-11-06 01:36:00,2004-11-07 16:58:00,39.37,39,349.1
icme/ICME_Wind_2004-09-17_20-52.csv,1,2004-09-17 20:52:00,2004-09-19 16:58:00,44.1,44,424.9
quiet/QUIET_Wind_2004-09-15_23-46.csv,0,2004-09-15 23:46:00,2004-09-17 19:52:00,44.1,44,520.2
icme/ICME_Wind_2004-09-13_19-42.csv,1,2004-09-13 19:42:00,2004-09-15 14:23:00,42.68,43,557.2
quiet/QUIET_Wind_2004-09-12_00-01.csv,0,2004-09-12 00:01:00,2004-09-13 18:42:00,42.68,42,279.5
icme/ICME_Wind_2004-08-29_09-09.csv,1,2004-08-29 09:09:00,2004-08-30 21:21:00,36.2,36,400.9
quiet/QUIET_Wind_2004-08-27_19-57.csv,0,2004-08-27 19:57:00,2004-08-29 08:09:00,36.2,37,396.3
icme/ICME_Wind_2004-07-26_22-25.csv,1,2004-07-26 22:25:00,2004-07-27 23:58:00,25.55,25,903.4
quiet/QUIET_Wind_2004-07-25_19-52.csv,0,2004-07-25 19:52:00,2004-07-26 21:25:00,25.55,26,645.4
icme/ICME_Wind_2004-07-25_17-45.csv,1,2004-07-25 17:45:00,2004-07-26 03:34:00,9.82,10,670.8
quiet/QUIET_Wind_2004-07-25_06-56.csv,0,2004-07-25 06:56:00,2004-07-25 16:45:00,9.82,10,553.1
icme/ICME_Wind_2004-07-24_05-32.csv,1,2004-07-24 05:32:00,2004-07-25 14:37:00,33.08,33,563.1
quiet/QUIET_Wind_2004-07-22_19-27.csv,0,2004-07-22 19:27:00,2004-07-24 04:32:00,33.08,33,567.2
icme/ICME_Wind_2004-07-22_09-45.csv,1,2004-07-22 09:45:00,2004-07-24 05:45:00,44.0,44,546.6
quiet/QUIET_Wind_2004-07-20_12-45.csv,0,2004-07-20 12:45:00,2004-07-22 08:45:00,44.0,44,448.1
icme/ICME_Wind_2004-04-03_09-55.csv,1,2004-04-03 09:55:00,2004-04-05 19:11:00,57.27,58,439.2
quiet/QUIET_Wind_2004-04-01_08-55.csv,0,2004-04-01 08:55:00,2004-04-03 08:55:00,48.0,48,408.0
icme/ICME_Wind_2004-01-09_15-00.csv,1,2004-01-09 15:00:00,2004-01-11 05:02:00,38.03,39,568.2
quiet/QUIET_Wind_2004-01-07_23-58.csv,0,2004-01-07 23:58:00,2004-01-09 14:00:00,38.03,39,551.7
icme/ICME_Wind_2003-11-20_08-35.csv,1,2003-11-20 08:35:00,2003-11-21 01:40:00,17.08,17,598.1
quiet/QUIET_Wind_2003-11-19_14-30.csv,0,2003-11-19 14:30:00,2003-11-20 07:35:00,17.08,17,468.1
icme/ICME_Wind_2003-10-21_22-00.csv,1,2003-10-21 22:00:00,2003-10-24 02:24:00,52.4,53,553.2
quiet/QUIET_Wind_2003-10-19_21-00.csv,0,2003-10-19 21:00:00,2003-10-21 21:00:00,48.0,49,630.9
icme/ICME_Wind_2003-08-04_20-23.csv,1,2003-08-04 20:23:00,2003-08-06 02:23:00,30.0,30,450.2
quiet/QUIET_Wind_2003-08-03_13-23.csv,0,2003-08-03 13:23:00,2003-08-04 19:23:00,30.0,30,556.2
icme/ICME_Wind_2003-06-16_22-33.csv,1,2003-06-16 22:33:00,2003-06-18 08:18:00,33.75,34,497.4
quiet/QUIET_Wind_2003-06-15_11-48.csv,0,2003-06-15 11:48:00,2003-06-16 21:33:00,33.75,34,525.0
icme/ICME_Wind_2003-05-09_05-16.csv,1,2003-05-09 05:16:00,2003-05-10 23:07:00,41.85,42,701.9
quiet/QUIET_Wind_2003-05-07_10-25.csv,0,2003-05-07 10:25:00,2003-05-09 04:16:00,41.85,42,746.7
icme/ICME_Wind_2003-03-20_04-30.csv,1,2003-03-20 04:30:00,2003-03-20 22:22:00,17.87,18,709.2
quiet/QUIET_Wind_2003-03-19_09-38.csv,0,2003-03-19 09:38:00,2003-03-20 03:30:00,17.87,18,670.1
icme/ICME_Wind_2003-02-01_13-06.csv,1,2003-02-01 13:06:00,2003-02-03 09:35:00,44.48,44,548.5
quiet/QUIET_Wind_2003-01-30_15-37.csv,0,2003-01-30 15:37:00,2003-02-01 12:06:00,44.48,45,487.6
icme/ICME_Wind_2003-01-26_21-43.csv,1,2003-01-26 21:43:00,2003-01-27 16:04:00,18.35,19,534.4
quiet/QUIET_Wind_2003-01-26_02-22.csv,0,2003-01-26 02:22:00,2003-01-26 20:43:00,18.35,18,685.9
icme/ICME_Wind_2002-12-21_03-21.csv,1,2002-12-21 03:21:00,2002-12-22 15:36:00,36.25,36,438.2
quiet/QUIET_Wind_2002-12-19_14-06.csv,0,2002-12-19 14:06:00,2002-12-21 02:21:00,36.25,36,518.4
icme/ICME_Wind_2002-11-16_23-16.csv,1,2002-11-16 23:16:00,2002-11-18 23:58:00,48.7,48,412.8
quiet/QUIET_Wind_2002-11-14_22-16.csv,0,2002-11-14 22:16:00,2002-11-16 22:16:00,48.0,48,461.8
icme/ICME_Wind_2002-09-30_07-54.csv,1,2002-09-30 07:54:00,2002-10-01 20:08:00,36.23,37,374.1
quiet/QUIET_Wind_2002-09-28_18-40.csv,0,2002-09-28 18:40:00,2002-09-30 06:54:00,36.23,36,298.4
icme/ICME_Wind_2002-09-03_02-23.csv,1,2002-09-03 02:23:00,2002-09-04 01:12:00,22.82,23,358.6
quiet/QUIET_Wind_2002-09-02_02-34.csv,0,2002-09-02 02:34:00,2002-09-03 01:23:00,22.82,23,351.5
icme/ICME_Wind_2002-08-26_11-16.csv,1,2002-08-26 11:16:00,2002-08-27 10:47:00,23.52,23,400.4
quiet/QUIET_Wind_2002-08-25_10-45.csv,0,2002-08-25 10:45:00,2002-08-26 10:16:00,23.52,24,308.2
icme/ICME_Wind_2002-08-18_18-40.csv,1,2002-08-18 18:40:00,2002-08-21 13:25:00,66.75,67,488.0
quiet/QUIET_Wind_2002-08-16_17-40.csv,0,2002-08-16 17:40:00,2002-08-18 17:40:00,48.0,48,466.7
icme/ICME_Wind_2002-08-01_23-09.csv,1,2002-08-01 23:09:00,2002-08-02 21:34:00,22.42,22,491.4
quiet/QUIET_Wind_2002-07-31_23-44.csv,0,2002-07-31 23:44:00,2002-08-01 22:09:00,22.42,23,433.3
icme/ICME_Wind_2002-08-01_05-12.csv,1,2002-08-01 05:12:00,2002-08-01 23:15:00,18.05,18,447.1
quiet/QUIET_Wind_2002-07-31_10-09.csv,0,2002-07-31 10:09:00,2002-08-01 04:12:00,18.05,18,405.3
icme/ICME_Wind_2002-05-23_10-44.csv,1,2002-05-23 10:44:00,2002-05-25 19:12:00,56.47,57,611.2
quiet/QUIET_Wind_2002-05-21_09-44.csv,0,2002-05-21 09:44:00,2002-05-23 09:44:00,48.0,48,401.1
icme/ICME_Wind_2002-05-20_03-35.csv,1,2002-05-20 03:35:00,2002-05-21 21:35:00,42.0,42,427.4
quiet/QUIET_Wind_2002-05-18_08-35.csv,0,2002-05-18 08:35:00,2002-05-20 02:35:00,42.0,42,418.3
icme/ICME_Wind_2002-05-18_19-45.csv,1,2002-05-18 19:45:00,2002-05-20 03:34:00,31.82,32,442.4
quiet/QUIET_Wind_2002-05-17_10-56.csv,0,2002-05-17 10:56:00,2002-05-18 18:45:00,31.82,32,362.9
icme/ICME_Wind_2002-05-11_10-30.csv,1,2002-05-11 10:30:00,2002-05-11 20:23:00,9.88,10,432.2
quiet/QUIET_Wind_2002-05-10_23-37.csv,0,2002-05-10 23:37:00,2002-05-11 09:30:00,9.88,10,353.6
icme/ICME_Wind_2002-05-10_11-09.csv,1,2002-05-10 11:09:00,2002-05-11 10:36:00,23.45,23,376.1
quiet/QUIET_Wind_2002-05-09_10-42.csv,0,2002-05-09 10:42:00,2002-05-10 10:09:00,23.45,24,379.4
icme/ICME_Wind_2002-04-23_05-00.csv,1,2002-04-23 05:00:00,2002-04-24 23:59:00,42.98,43,501.1
quiet/QUIET_Wind_2002-04-21_09-01.csv,0,2002-04-21 09:01:00,2002-04-23 04:00:00,42.98,43,432.5
icme/ICME_Wind_2002-04-19_08-24.csv,1,2002-04-19 08:24:00,2002-04-21 21:36:00,61.2,61,520.9
quiet/QUIET_Wind_2002-04-17_07-24.csv,0,2002-04-17 07:24:00,2002-04-19 07:24:00,48.0,48,481.2
icme/ICME_Wind_2002-04-17_11-01.csv,1,2002-04-17 11:01:00,2002-04-19 08:22:00,45.35,45,491.8
quiet/QUIET_Wind_2002-04-15_12-40.csv,0,2002-04-15 12:40:00,2002-04-17 10:01:00,45.35,46,343.8
icme/ICME_Wind_2002-04-14_12-56.csv,1,2002-04-14 12:56:00,2002-04-15 04:22:00,15.43,16,393.7
quiet/QUIET_Wind_2002-04-13_20-30.csv,0,2002-04-13 20:30:00,2002-04-14 11:56:00,15.43,15,392.5
icme/ICME_Wind_2002-03-23_11-24.csv,1,2002-03-23 11:24:00,2002-03-25 21:36:00,58.2,58,442.4
quiet/QUIET_Wind_2002-03-21_10-24.csv,0,2002-03-21 10:24:00,2002-03-23 10:24:00,48.0,48,434.0
icme/ICME_Wind_2002-03-18_13-14.csv,1,2002-03-18 13:14:00,2002-03-20 15:36:00,50.37,50,408.0
quiet/QUIET_Wind_2002-03-16_12-14.csv,0,2002-03-16 12:14:00,2002-03-18 12:14:00,48.0,48,286.1
icme/ICME_Wind_2002-02-28_05-06.csv,1,2002-02-28 05:06:00,2002-03-01 23:15:00,42.15,42,385.1
quiet/QUIET_Wind_2002-02-26_09-57.csv,0,2002-02-26 09:57:00,2002-02-28 04:06:00,42.15,43,334.0
icme/ICME_Wind_2001-12-30_20-05.csv,1,2001-12-30 20:05:00,2001-12-31 07:46:00,11.68,11,589.0
quiet/QUIET_Wind_2001-12-30_07-24.csv,0,2001-12-30 07:24:00,2001-12-30 19:05:00,11.68,12,407.4
icme/ICME_Wind_2001-12-29_05-16.csv,1,2001-12-29 05:16:00,2001-12-30 19:10:00,37.9,38,402.1
quiet/QUIET_Wind_2001-12-27_14-22.csv,0,2001-12-27 14:22:00,2001-12-29 04:16:00,37.9,38,357.1
icme/ICME_Wind_2001-11-24_05-51.csv,1,2001-11-24 05:51:00,2001-11-25 13:17:00,31.43,32,788.5
quiet/QUIET_Wind_2001-11-22_21-25.csv,0,2001-11-22 21:25:00,2001-11-24 04:51:00,31.43,31,449.4
icme/ICME_Wind_2001-10-31_13-46.csv,1,2001-10-31 13:46:00,2001-11-02 04:47:00,39.02,39,346.9
quiet/QUIET_Wind_2001-10-29_21-45.csv,0,2001-10-29 21:45:00,2001-10-31 12:46:00,39.02,39,356.5
icme/ICME_Wind_2001-10-28_03-13.csv,1,2001-10-28 03:13:00,2001-10-30 10:47:00,55.57,55,424.6
quiet/QUIET_Wind_2001-10-26_02-13.csv,0,2001-10-26 02:13:00,2001-10-28 02:13:00,48.0,48,378.5
icme/ICME_Wind_2001-10-21_16-39.csv,1,2001-10-21 16:39:00,2001-10-23 00:47:00,32.13,32,585.9
quiet/QUIET_Wind_2001-10-20_07-31.csv,0,2001-10-20 07:31:00,2001-10-21 15:39:00,32.13,32,359.1
icme/ICME_Wind_2001-09-30_19-14.csv,1,2001-09-30 19:14:00,2001-10-01 21:34:00,26.33,26,501.5
quiet/QUIET_Wind_2001-09-29_15-54.csv,0,2001-09-29 15:54:00,2001-09-30 18:14:00,26.33,27,548.6
icme/ICME_Wind_2001-09-29_09-28.csv,1,2001-09-29 09:28:00,2001-09-30 19:14:00,33.77,34,569.4
quiet/QUIET_Wind_2001-09-27_22-42.csv,0,2001-09-27 22:42:00,2001-09-29 08:28:00,33.77,34,526.5
icme/ICME_Wind_2001-09-25_20-16.csv,1,2001-09-25 20:16:00,2001-09-26 16:47:00,20.52,20,596.4
quiet/QUIET_Wind_2001-09-24_22-45.csv,0,2001-09-24 22:45:00,2001-09-25 19:16:00,20.52,21,394.3
icme/ICME_Wind_2001-08-17_11-01.csv,1,2001-08-17 11:01:00,2001-08-18 19:12:00,32.18,32,514.0
quiet/QUIET_Wind_2001-08-16_01-50.csv,0,2001-08-16 01:50:00,2001-08-17 10:01:00,32.18,33,357.4
icme/ICME_Wind_2001-08-05_12-28.csv,1,2001-08-05 12:28:00,2001-08-06 23:59:00,35.52,35,446.7
quiet/QUIET_Wind_2001-08-03_23-57.csv,0,2001-08-03 23:57:00,2001-08-05 11:28:00,35.52,36,385.2
icme/ICME_Wind_2001-06-27_05-59.csv,1,2001-06-27 05:59:00,2001-06-29 02:23:00,44.4,45,403.6
quiet/QUIET_Wind_2001-06-25_08-35.csv,0,2001-06-25 08:35:00,2001-06-27 04:59:00,44.4,44,466.3
icme/ICME_Wind_2001-05-27_14-45.csv,1,2001-05-27 14:45:00,2001-05-29 21:34:00,54.82,55,480.4
quiet/QUIET_Wind_2001-05-25_13-45.csv,0,2001-05-25 13:45:00,2001-05-27 13:45:00,48.0,48,486.0
icme/ICME_Wind_2001-04-28_05-00.csv,1,2001-04-28 05:00:00,2001-05-02 04:48:00,95.8,96,518.8
quiet/QUIET_Wind_2001-04-26_04-00.csv,0,2001-04-26 04:00:00,2001-04-28 04:00:00,48.0,49,440.6
icme/ICME_Wind_2001-04-21_15-29.csv,1,2001-04-21 15:29:00,2001-04-23 01:11:00,33.7,34,364.1
quiet/QUIET_Wind_2001-04-20_04-47.csv,0,2001-04-20 04:47:00,2001-04-21 14:29:00,33.7,34,379.0
icme/ICME_Wind_2001-04-13_07-26.csv,1,2001-04-13 07:26:00,2001-04-14 01:39:00,18.22,18,769.7
quiet/QUIET_Wind_2001-04-12_12-13.csv,0,2001-04-12 12:13:00,2001-04-13 06:26:00,18.22,18,639.4
icme/ICME_Wind_2001-04-11_14-09.csv,1,2001-04-11 14:09:00,2001-04-12 17:58:00,27.82,27,667.6
quiet/QUIET_Wind_2001-04-10_09-20.csv,0,2001-04-10 09:20:00,2001-04-11 13:09:00,27.82,28,535.0
icme/ICME_Wind_2001-04-04_14-39.csv,1,2001-04-04 14:39:00,2001-04-05 08:22:00,17.72,18,689.8
quiet/QUIET_Wind_2001-04-03_19-56.csv,0,2001-04-03 19:56:00,2001-04-04 13:39:00,17.72,18,469.6
icme/ICME_Wind_2001-03-27_01-59.csv,1,2001-03-27 01:59:00,2001-03-28 14:23:00,36.4,37,521.5
quiet/QUIET_Wind_2001-03-25_12-35.csv,0,2001-03-25 12:35:00,2001-03-27 00:59:00,36.4,36,370.2
icme/ICME_Wind_2001-03-20_18-17.csv,1,2001-03-20 18:17:00,2001-03-22 00:00:00,29.72,30,328.5
quiet/QUIET_Wind_2001-03-19_11-34.csv,0,2001-03-19 11:34:00,2001-03-20 17:17:00,29.72,30,422.1
icme/ICME_Wind_2001-03-19_11-33.csv,1,2001-03-19 11:33:00,2001-03-20 18:17:00,30.73,31,420.8
quiet/QUIET_Wind_2001-03-18_03-49.csv,0,2001-03-18 03:49:00,2001-03-19 10:33:00,30.73,31,313.5
icme/ICME_Wind_2001-03-04_05-45.csv,1,2001-03-04 05:45:00,2001-03-05 23:04:00,41.32,42,467.8
quiet/QUIET_Wind_2001-03-02_11-26.csv,0,2001-03-02 11:26:00,2001-03-04 04:45:00,41.32,41,459.3
icme/ICME_Wind_2001-01-23_10-47.csv,1,2001-01-23 10:47:00,2001-01-25 19:12:00,56.42,57,436.5
quiet/QUIET_Wind_2001-01-21_09-47.csv,0,2001-01-21 09:47:00,2001-01-23 09:47:00,48.0,48,404.8
icme/ICME_Wind_2000-12-03_03-59.csv,1,2000-12-03 03:59:00,2000-12-05 03:06:00,47.12,48,392.1
quiet/QUIET_Wind_2000-12-01_03-52.csv,0,2000-12-01 03:52:00,2000-12-03 02:59:00,47.12,47,400.3
icme/ICME_Wind_2000-11-26_11-43.csv,1,2000-11-26 11:43:00,2000-11-28 09:36:00,45.88,46,578.2
quiet/QUIET_Wind_2000-11-24_12-50.csv,0,2000-11-24 12:50:00,2000-11-26 10:43:00,45.88,46,424.5
icme/ICME_Wind_2000-11-11_04-11.csv,1,2000-11-11 04:11:00,2000-11-11 23:59:00,19.8,19,808.9
quiet/QUIET_Wind_2000-11-10_07-23.csv,0,2000-11-10 07:23:00,2000-11-11 03:11:00,19.8,20,841.4
icme/ICME_Wind_2000-11-10_06-20.csv,1,2000-11-10 06:20:00,2000-11-11 04:18:00,21.97,22,843.0
quiet/QUIET_Wind_2000-11-09_07-22.csv,0,2000-11-09 07:22:00,2000-11-10 05:20:00,21.97,22,520.5
icme/ICME_Wind_2000-11-06_09-30.csv,1,2000-11-06 09:30:00,2000-11-07 18:05:00,32.58,33,555.0
quiet/QUIET_Wind_2000-11-04_23-55.csv,0,2000-11-04 23:55:00,2000-11-06 08:30:00,32.58,33,514.1
icme/ICME_Wind_2000-10-28_06-38.csv,1,2000-10-28 06:38:00,2000-10-30 00:16:00,41.63,42,381.5
quiet/QUIET_Wind_2000-10-26_12-00.csv,0,2000-10-26 12:00:00,2000-10-28 05:38:00,41.63,42,344.8
icme/ICME_Wind_2000-10-12_22-33.csv,1,2000-10-12 22:33:00,2000-10-14 19:12:00,44.65,45,423.7
quiet/QUIET_Wind_2000-10-11_00-54.csv,0,2000-10-11 00:54:00,2000-10-12 21:33:00,44.65,45,351.6
icme/ICME_Wind_2000-10-05_03-28.csv,1,2000-10-05 03:28:00,2000-10-06 19:39:00,40.18,40,481.8
quiet/QUIET_Wind_2000-10-03_10-17.csv,0,2000-10-03 10:17:00,2000-10-05 02:28:00,40.18,40,403.8
icme/ICME_Wind_2000-10-03_01-02.csv,1,2000-10-03 01:02:00,2000-10-05 03:34:00,50.53,50,413.0
quiet/QUIET_Wind_2000-10-01_00-02.csv,0,2000-10-01 00:02:00,2000-10-03 00:02:00,48.0,48,396.7
icme/ICME_Wind_2000-09-17_16-04.csv,1,2000-09-17 16:04:00,2000-09-19 12:00:00,43.93,44,715.2
quiet/QUIET_Wind_2000-09-15_19-08.csv,0,2000-09-15 19:08:00,2000-09-17 15:04:00,43.93,44,414.9
icme/ICME_Wind_2000-09-06_17-02.csv,1,2000-09-06 17:02:00,2000-09-08 14:22:00,45.33,45,442.1
quiet/QUIET_Wind_2000-09-04_18-42.csv,0,2000-09-04 18:42:00,2000-09-06 16:02:00,45.33,46,383.5
icme/ICME_Wind_2000-09-04_13-13.csv,1,2000-09-04 13:13:00,2000-09-06 16:47:00,51.57,51,391.2
quiet/QUIET_Wind_2000-09-02_12-13.csv,0,2000-09-02 12:13:00,2000-09-04 12:13:00,48.0,48,428.0
icme/ICME_Wind_2000-09-02_23-16.csv,1,2000-09-02 23:16:00,2000-09-03 22:32:00,23.27,23,412.2
quiet/QUIET_Wind_2000-09-01_23-00.csv,0,2000-09-01 23:00:00,2000-09-02 22:16:00,23.27,24,472.2
icme/ICME_Wind_2000-08-11_18-49.csv,1,2000-08-11 18:49:00,2000-08-13 05:05:00,34.27,35,588.1
quiet/QUIET_Wind_2000-08-10_07-33.csv,0,2000-08-10 07:33:00,2000-08-11 17:49:00,34.27,34,433.0
icme/ICME_Wind_2000-08-10_05-13.csv,1,2000-08-10 05:13:00,2000-08-11 18:43:00,37.5,37,432.6
quiet/QUIET_Wind_2000-08-08_14-43.csv,0,2000-08-08 14:43:00,2000-08-10 04:13:00,37.5,38,380.0
icme/ICME_Wind_2000-07-31_23-28.csv,1,2000-07-31 23:28:00,2000-08-01 13:11:00,13.72,14,457.0
quiet/QUIET_Wind_2000-07-31_08-45.csv,0,2000-07-31 08:45:00,2000-07-31 22:28:00,13.72,14,396.7
icme/ICME_Wind_2000-07-28_06-38.csv,1,2000-07-28 06:38:00,2000-07-29 10:06:00,27.47,28,452.2
quiet/QUIET_Wind_2000-07-27_02-10.csv,0,2000-07-27 02:10:00,2000-07-28 05:38:00,27.47,27,351.9
icme/ICME_Wind_2000-07-19_15-30.csv,1,2000-07-19 15:30:00,2000-07-21 05:31:00,38.02,38,533.7
quiet/QUIET_Wind_2000-07-18_00-29.csv,0,2000-07-18 00:29:00,2000-07-19 14:30:00,38.02,38,556.0
icme/ICME_Wind_2000-07-15_14-23.csv,1,2000-07-15 14:23:00,2000-07-16 13:28:00,23.08,23,927.2
quiet/QUIET_Wind_2000-07-14_14-18.csv,0,2000-07-14 14:18:00,2000-07-15 13:23:00,23.08,23,722.6
icme/ICME_Wind_2000-07-15_02-23.csv,1,2000-07-15 02:23:00,2000-07-15 14:18:00,11.92,12,709.6
quiet/QUIET_Wind_2000-07-14_13-28.csv,0,2000-07-14 13:28:00,2000-07-15 01:23:00,11.92,12,734.2
icme/ICME_Wind_2000-07-13_09-59.csv,1,2000-07-13 09:59:00,2000-07-14 15:35:00,29.6,30,611.9
quiet/QUIET_Wind_2000-07-12_03-23.csv,0,2000-07-12 03:23:00,2000-07-13 08:59:00,29.6,29,499.7
icme/ICME_Wind_2000-07-11_22-35.csv,1,2000-07-11 22:35:00,2000-07-13 04:33:00,29.97,30,503.2
quiet/QUIET_Wind_2000-07-10_15-37.csv,0,2000-07-10 15:37:00,2000-07-11 21:35:00,29.97,30,451.7
icme/ICME_Wind_2000-07-01_07-12.csv,1,2000-07-01 07:12:00,2000-07-02 03:34:00,20.37,20,409.0
quiet/QUIET_Wind_2000-06-30_09-50.csv,0,2000-06-30 09:50:00,2000-07-01 06:12:00,20.37,21,385.5
icme/ICME_Wind_2000-06-23_12-57.csv,1,2000-06-23 12:57:00,2000-06-25 23:58:00,59.02,59,510.8
quiet/QUIET_Wind_2000-06-21_11-57.csv,0,2000-06-21 11:57:00,2000-06-23 11:57:00,48.0,48,412.4
icme/ICME_Wind_2000-06-08_09-07.csv,1,2000-06-08 09:07:00,2000-06-10 01:18:00,40.18,40,657.5
quiet/QUIET_Wind_2000-06-06_15-56.csv,0,2000-06-06 15:56:00,2000-06-08 08:07:00,40.18,41,489.0
icme/ICME_Wind_2000-05-07_03-53.csv,1,2000-05-07 03:53:00,2000-05-08 11:59:00,32.1,32,386.3
quiet/QUIET_Wind_2000-05-05_18-47.csv,0,2000-05-05 18:47:00,2000-05-07 02:53:00,32.1,32,440.2
icme/ICME_Wind_2000-03-28_02-52.csv,1,2000-03-28 02:52:00,2000-03-29 22:47:00,43.92,44,403.0
quiet/QUIET_Wind_2000-03-26_05-57.csv,0,2000-03-26 05:57:00,2000-03-28 01:52:00,43.92,44,444.2
icme/ICME_Wind_2000-03-01_01-58.csv,1,2000-03-01 01:58:00,2000-03-02 03:07:00,25.15,26,471.4
quiet/QUIET_Wind_2000-02-28_23-49.csv,0,2000-02-28 23:49:00,2000-03-01 00:58:00,25.15,25,549.0
icme/ICME_Wind_2000-02-20_21-03.csv,1,2000-02-20 21:03:00,2000-02-22 13:16:00,40.22,40,403.4
quiet/QUIET_Wind_2000-02-19_03-50.csv,0,2000-02-19 03:50:00,2000-02-20 20:03:00,40.22,41,343.8
icme/ICME_Wind_2000-02-14_07-11.csv,1,2000-02-14 07:11:00,2000-02-15 15:33:00,32.37,32,572.0
quiet/QUIET_Wind_2000-02-12_21-49.csv,0,2000-02-12 21:49:00,2000-02-14 06:11:00,32.37,33,558.9
icme/ICME_Wind_2000-02-11_23-34.csv,1,2000-02-11 23:34:00,2000-02-13 00:35:00,25.02,25,552.4
quiet/QUIET_Wind_2000-02-10_21-33.csv,0,2000-02-10 21:33:00,2000-02-11 22:34:00,25.02,25,451.8
icme/ICME_Wind_1999-12-12_15-50.csv,1,1999-12-12 15:50:00,1999-12-13 18:28:00,26.63,27,537.7
quiet/QUIET_Wind_1999-12-11_12-12.csv,0,1999-12-11 12:12:00,1999-12-12 14:50:00,26.63,26,411.7
icme/ICME_Wind_1999-10-21_02-19.csv,1,1999-10-21 02:19:00,1999-10-22 06:32:00,28.22,28,466.0
quiet/QUIET_Wind_1999-10-19_21-06.csv,0,1999-10-19 21:06:00,1999-10-21 01:19:00,28.22,28,349.3
icme/ICME_Wind_1999-09-22_12-09.csv,1,1999-09-22 12:09:00,1999-09-23 09:35:00,21.43,21,530.2
quiet/QUIET_Wind_1999-09-21_13-43.csv,0,1999-09-21 13:43:00,1999-09-22 11:09:00,21.43,22,361.2
icme/ICME_Wind_1999-09-21_18-57.csv,1,1999-09-21 18:57:00,1999-09-22 11:31:00,16.57,17,359.1
quiet/QUIET_Wind_1999-09-21_01-23.csv,0,1999-09-21 01:23:00,1999-09-21 17:57:00,16.57,16,385.8
icme/ICME_Wind_1999-09-15_07-43.csv,1,1999-09-15 07:43:00,1999-09-15 17:44:00,10.02,10,594.7
quiet/QUIET_Wind_1999-09-14_20-42.csv,0,1999-09-14 20:42:00,1999-09-15 06:43:00,10.02,10,529.6
icme/ICME_Wind_1999-08-09_10-12.csv,1,1999-08-09 10:12:00,1999-08-10 16:04:00,29.87,30,342.6
quiet/QUIET_Wind_1999-08-08_03-20.csv,0,1999-08-08 03:20:00,1999-08-09 09:12:00,29.87,30,390.7
icme/ICME_Wind_1999-08-06_01-55.csv,1,1999-08-06 01:55:00,1999-08-07 06:18:00,28.38,29,392.9
quiet/QUIET_Wind_1999-08-04_20-32.csv,0,1999-08-04 20:32:00,1999-08-06 00:55:00,28.38,28,342.2
icme/ICME_Wind_1999-07-30_19-12.csv,1,1999-07-30 19:12:00,1999-08-01 00:00:00,28.8,29,591.1
quiet/QUIET_Wind_1999-07-29_13-24.csv,0,1999-07-29 13:24:00,1999-07-30 18:12:00,28.8,29,398.9
icme/ICME_Wind_1999-07-06_14-23.csv,1,1999-07-06 14:23:00,1999-07-07 16:46:00,26.38,26,449.1
quiet/QUIET_Wind_1999-07-05_11-00.csv,0,1999-07-05 11:00:00,1999-07-06 13:23:00,26.38,27,371.4
icme/ICME_Wind_1999-07-02_00-27.csv,1,1999-07-02 00:27:00,1999-07-05 13:13:00,84.77,85,511.3
quiet/QUIET_Wind_1999-06-29_23-27.csv,0,1999-06-29 23:27:00,1999-07-01 23:27:00,48.0,48,474.5
icme/ICME_Wind_1999-06-26_02-31.csv,1,1999-06-26 02:31:00,1999-06-27 04:47:00,26.27,26,375.9
quiet/QUIET_Wind_1999-06-24_23-15.csv,0,1999-06-24 23:15:00,1999-06-26 01:31:00,26.27,26,283.5
icme/ICME_Wind_1999-05-28_21-50.csv,1,1999-05-28 21:50:00,1999-05-30 10:47:00,36.95,37,394.1
quiet/QUIET_Wind_1999-05-27_07-53.csv,0,1999-05-27 07:53:00,1999-05-28 20:50:00,36.95,37,433.3
icme/ICME_Wind_1999-04-16_11-14.csv,1,1999-04-16 11:14:00,1999-04-17 19:48:00,32.57,32,424.2
quiet/QUIET_Wind_1999-04-15_01-40.csv,0,1999-04-15 01:40:00,1999-04-16 10:14:00,32.57,33,400.7
icme/ICME_Wind_1999-02-18_02-48.csv,1,1999-02-18 02:48:00,1999-02-19 00:00:00,21.2,22,627.3
quiet/QUIET_Wind_1999-02-17_04-36.csv,0,1999-02-17 04:36:00,1999-02-18 01:48:00,21.2,21,444.1
icme/ICME_Wind_1999-02-11_17-41.csv,1,1999-02-11 17:41:00,1999-02-12 03:35:00,9.9,10,443.5
quiet/QUIET_Wind_1999-02-11_06-47.csv,0,1999-02-11 06:47:00,1999-02-11 16:41:00,9.9,10,400.9
icme/ICME_Wind_1999-01-22_20-21.csv,1,1999-01-22 20:21:00,1999-01-23 14:58:00,18.62,18,603.4
quiet/QUIET_Wind_1999-01-22_00-44.csv,0,1999-01-22 00:44:00,1999-01-22 19:21:00,18.62,19,492.1
icme/ICME_Wind_1998-11-09_00-44.csv,1,1998-11-09 00:44:00,1998-11-10 03:47:00,27.05,27,449.3
quiet/QUIET_Wind_1998-11-07_20-41.csv,0,1998-11-07 20:41:00,1998-11-08 23:44:00,27.05,27,532.0
icme/ICME_Wind_1998-11-08_04-41.csv,1,1998-11-08 04:41:00,1998-11-08 23:30:00,18.82,19,556.8
quiet/QUIET_Wind_1998-11-07_08-52.csv,0,1998-11-07 08:52:00,1998-11-08 03:41:00,18.82,19,495.8
icme/ICME_Wind_1998-10-23_12-57.csv,1,1998-10-23 12:57:00,1998-10-24 19:26:00,30.48,31,505.8
quiet/QUIET_Wind_1998-10-22_05-28.csv,0,1998-10-22 05:28:00,1998-10-23 11:57:00,30.48,30,582.5
icme/ICME_Wind_1998-10-18_19-30.csv,1,1998-10-18 19:30:00,1998-10-20 07:11:00,35.68,36,393.3
quiet/QUIET_Wind_1998-10-17_06-49.csv,0,1998-10-17 06:49:00,1998-10-18 18:30:00,35.68,36,364.8
icme/ICME_Wind_1998-09-24_23-18.csv,1,1998-09-24 23:18:00,1998-09-26 17:00:00,41.7,42,659.4
quiet/QUIET_Wind_1998-09-23_04-36.csv,0,1998-09-23 04:36:00,1998-09-24 22:18:00,41.7,42,443.1
icme/ICME_Wind_1998-09-23_01-12.csv,1,1998-09-23 01:12:00,1998-09-23 17:31:00,16.32,16,419.5
quiet/QUIET_Wind_1998-09-22_07-53.csv,0,1998-09-22 07:53:00,1998-09-23 00:12:00,16.32,17,399.9
icme/ICME_Wind_1998-08-26_06-40.csv,1,1998-08-26 06:40:00,1998-08-28 00:28:00,41.8,42,662.6
quiet/QUIET_Wind_1998-08-24_11-52.csv,0,1998-08-24 11:52:00,1998-08-26 05:40:00,41.8,42,413.5
icme/ICME_Wind_1998-08-19_18-40.csv,1,1998-08-19 18:40:00,1998-08-21 20:09:00,49.48,50,318.1
quiet/QUIET_Wind_1998-08-17_17-40.csv,0,1998-08-17 17:40:00,1998-08-19 17:40:00,48.0,48,289.9
icme/ICME_Wind_1998-08-10_00-31.csv,1,1998-08-10 00:31:00,1998-08-10 23:30:00,22.98,23,448.9
quiet/QUIET_Wind_1998-08-09_00-32.csv,0,1998-08-09 00:32:00,1998-08-09 23:31:00,22.98,23,399.0
icme/ICME_Wind_1998-07-10_22-36.csv,1,1998-07-10 22:36:00,1998-07-12 21:34:00,46.97,47,385.3
quiet/QUIET_Wind_1998-07-08_22-38.csv,0,1998-07-08 22:38:00,1998-07-10 21:36:00,46.97,47,337.6
icme/ICME_Wind_1998-06-24_10-47.csv,1,1998-06-24 10:47:00,1998-06-25 22:33:00,35.77,36,471.1
quiet/QUIET_Wind_1998-06-22_22-01.csv,0,1998-06-22 22:01:00,1998-06-24 09:47:00,35.77,35,387.5
icme/ICME_Wind_1998-06-13_19-18.csv,1,1998-06-13 19:18:00,1998-06-14 23:26:00,28.13,28,347.0
quiet/QUIET_Wind_1998-06-12_14-10.csv,0,1998-06-12 14:10:00,1998-06-13 18:18:00,28.13,28,340.0
icme/ICME_Wind_1998-06-02_08-24.csv,1,1998-06-02 08:24:00,1998-06-02 19:16:00,10.87,11,398.7
quiet/QUIET_Wind_1998-06-01_20-32.csv,0,1998-06-01 20:32:00,1998-06-02 07:24:00,10.87,11,428.9
icme/ICME_Wind_1998-05-04_02-30.csv,1,1998-05-04 02:30:00,1998-05-05 03:12:00,24.7,25,685.5
quiet/QUIET_Wind_1998-05-03_00-48.csv,0,1998-05-03 00:48:00,1998-05-04 01:30:00,24.7,25,474.2
icme/ICME_Wind_1998-05-01_21-21.csv,1,1998-05-01 21:21:00,1998-05-03 16:47:00,43.43,43,550.3
quiet/QUIET_Wind_1998-04-30_00-55.csv,0,1998-04-30 00:55:00,1998-05-01 20:21:00,43.43,44,374.5
icme/ICME_Wind_1998-04-07_16-54.csv,1,1998-04-07 16:54:00,1998-04-08 16:12:00,23.3,24,312.5
quiet/QUIET_Wind_1998-04-06_16-36.csv,0,1998-04-06 16:36:00,1998-04-07 15:54:00,23.3,23,315.5
icme/ICME_Wind_1998-04-01_21-07.csv,1,1998-04-01 21:07:00,1998-04-02 19:55:00,22.8,22,326.2
quiet/QUIET_Wind_1998-03-31_21-19.csv,0,1998-03-31 21:19:00,1998-04-01 20:07:00,22.8,23,375.3
icme/ICME_Wind_1998-03-31_07-11.csv,1,1998-03-31 07:11:00,1998-04-01 16:18:00,33.12,33,391.4
quiet/QUIET_Wind_1998-03-29_21-04.csv,0,1998-03-29 21:04:00,1998-03-31 06:11:00,33.12,33,428.9
icme/ICME_Wind_1998-03-25_10-48.csv,1,1998-03-25 10:48:00,1998-03-26 08:57:00,22.15,22,406.1
quiet/QUIET_Wind_1998-03-24_11-39.csv,0,1998-03-24 11:39:00,1998-03-25 09:48:00,22.15,22,376.1
icme/ICME_Wind_1998-03-06_11-59.csv,1,1998-03-06 11:59:00,1998-03-07 16:48:00,28.82,29,326.4
quiet/QUIET_Wind_1998-03-05_06-10.csv,0,1998-03-05 06:10:00,1998-03-06 10:59:00,28.82,28,332.1
icme/ICME_Wind_1998-03-04_11-04.csv,1,1998-03-04 11:04:00,1998-03-05 20:36:00,33.53,33,356.6
quiet/QUIET_Wind_1998-03-03_00-32.csv,0,1998-03-03 00:32:00,1998-03-04 10:04:00,33.53,34,387.8
icme/ICME_Wind_1998-02-18_14-52.csv,1,1998-02-18 14:52:00,1998-02-20 00:44:00,33.87,34,423.5
quiet/QUIET_Wind_1998-02-17_04-00.csv,0,1998-02-17 04:00:00,1998-02-18 13:52:00,33.87,34,397.4
icme/ICME_Wind_1998-02-17_06-28.csv,1,1998-02-17 06:28:00,1998-02-18 14:22:00,31.9,32,399.1
quiet/QUIET_Wind_1998-02-15_21-34.csv,0,1998-02-15 21:34:00,1998-02-17 05:28:00,31.9,32,379.0
icme/ICME_Wind_1998-02-04_04-48.csv,1,1998-02-04 04:48:00,1998-02-06 08:04:00,51.27,52,320.6
quiet/QUIET_Wind_1998-02-02_03-48.csv,0,1998-02-02 03:48:00,1998-02-04 03:48:00,48.0,48,345.8
icme/ICME_Wind_1998-02-02_10-27.csv,1,1998-02-02 10:27:00,1998-02-04 02:22:00,39.92,40,334.4
quiet/QUIET_Wind_1998-01-31_17-32.csv,0,1998-01-31 17:32:00,1998-02-02 09:27:00,39.92,40,434.7
icme/ICME_Wind_1998-01-28_16-04.csv,1,1998-01-28 16:04:00,1998-01-31 00:00:00,55.93,56,380.0
quiet/QUIET_Wind_1998-01-26_15-04.csv,0,1998-01-26 15:04:00,1998-01-28 15:04:00,48.0,48,406.9
icme/ICME_Wind_1998-01-21_04-47.csv,1,1998-01-21 04:47:00,1998-01-22 13:26:00,32.65,33,412.4
quiet/QUIET_Wind_1998-01-19_19-08.csv,0,1998-01-19 19:08:00,1998-01-21 03:47:00,32.65,32,421.7
icme/ICME_Wind_1998-01-09_08-23.csv,1,1998-01-09 08:23:00,1998-01-09 20:38:00,12.25,12,473.5
quiet/QUIET_Wind_1998-01-08_19-08.csv,0,1998-01-08 19:08:00,1998-01-09 07:23:00,12.25,12,437.6
icme/ICME_Wind_1998-01-08_15-35.csv,1,1998-01-08 15:35:00,1998-01-08 22:47:00,7.2,7,363.0
quiet/QUIET_Wind_1998-01-08_07-23.csv,0,1998-01-08 07:23:00,1998-01-08 14:35:00,7.2,7,352.3
icme/ICME_Wind_1998-01-06_13-29.csv,1,1998-01-06 13:29:00,1998-01-08 07:54:00,42.42,42,379.2
quiet/QUIET_Wind_1998-01-04_18-04.csv,0,1998-01-04 18:04:00,1998-01-06 12:29:00,42.42,42,305.4
icme/ICME_Wind_1997-12-30_01-13.csv,1,1997-12-30 01:13:00,1997-12-31 08:51:00,31.63,31,367.3
quiet/QUIET_Wind_1997-12-28_16-35.csv,0,1997-12-28 16:35:00,1997-12-30 00:13:00,31.63,32,304.7
icme/ICME_Wind_1997-12-10_04-33.csv,1,1997-12-10 04:33:00,1997-12-12 00:00:00,43.45,44,345.2
quiet/QUIET_Wind_1997-12-08_08-06.csv,0,1997-12-08 08:06:00,1997-12-10 03:33:00,43.45,43,302.4
icme/ICME_Wind_1997-11-22_09-12.csv,1,1997-11-22 09:12:00,1997-11-23 18:43:00,33.52,33,492.5
quiet/QUIET_Wind_1997-11-20_22-41.csv,0,1997-11-20 22:41:00,1997-11-22 08:12:00,33.52,34,339.0
icme/ICME_Wind_1997-11-06_22-25.csv,1,1997-11-06 22:25:00,1997-11-08 22:46:00,48.35,48,420.1
quiet/QUIET_Wind_1997-11-04_21-25.csv,0,1997-11-04 21:25:00,1997-11-06 21:25:00,48.0,48,347.5
icme/ICME_Wind_1997-10-10_03-08.csv,1,1997-10-10 03:08:00,1997-10-11 22:00:00,42.87,43,412.7
quiet/QUIET_Wind_1997-10-08_07-16.csv,0,1997-10-08 07:16:00,1997-10-10 02:08:00,42.87,43,401.1
icme/ICME_Wind_1997-10-01_11-45.csv,1,1997-10-01 11:45:00,1997-10-02 23:15:00,35.5,36,456.1
icme/ICME_Wind_1997-09-21_16-42.csv,1,1997-09-21 16:42:00,1997-09-22 17:46:00,25.07,25,428.0
quiet/QUIET_Wind_1997-09-20_14-38.csv,0,1997-09-20 14:38:00,1997-09-21 15:42:00,25.07,25,348.0
icme/ICME_Wind_1997-09-18_00-30.csv,1,1997-09-18 00:30:00,1997-09-19 23:59:00,47.48,47,322.4
quiet/QUIET_Wind_1997-09-16_00-01.csv,0,1997-09-16 00:01:00,1997-09-17 23:30:00,47.48,47,338.8
icme/ICME_Wind_1997-09-02_22-40.csv,1,1997-09-02 22:40:00,1997-09-03 20:59:00,22.32,22,388.5
quiet/QUIET_Wind_1997-09-01_23-21.csv,0,1997-09-01 23:21:00,1997-09-02 21:40:00,22.32,22,329.7
icme/ICME_Wind_1997-08-17_01-56.csv,1,1997-08-17 01:56:00,1997-08-17 20:09:00,18.22,19,391.3
quiet/QUIET_Wind_1997-08-16_06-43.csv,0,1997-08-16 06:43:00,1997-08-17 00:56:00,18.22,18,379.3
icme/ICME_Wind_1997-08-03_10-10.csv,1,1997-08-03 10:10:00,1997-08-04 02:23:00,16.22,16,439.5
quiet/QUIET_Wind_1997-08-02_16-57.csv,0,1997-08-02 16:57:00,1997-08-03 09:10:00,16.22,17,432.0
icme/ICME_Wind_1997-07-15_03-10.csv,1,1997-07-15 03:10:00,1997-07-16 11:16:00,32.1,32,357.4
quiet/QUIET_Wind_1997-07-13_18-04.csv,0,1997-07-13 18:04:00,1997-07-15 02:10:00,32.1,32,318.8
icme/ICME_Wind_1997-06-19_00-00.csv,1,1997-06-19 00:00:00,1997-06-20 22:29:00,46.48,47,339.6
quiet/QUIET_Wind_1997-06-17_00-31.csv,0,1997-06-17 00:31:00,1997-06-18 23:00:00,46.48,47,362.9
icme/ICME_Wind_1997-06-08_15-43.csv,1,1997-06-08 15:43:00,1997-06-09 23:01:00,31.3,32,371.6
quiet/QUIET_Wind_1997-06-07_07-25.csv,0,1997-06-07 07:25:00,1997-06-08 14:43:00,31.3,31,385.7
icme/ICME_Wind_1997-05-26_09-09.csv,1,1997-05-26 09:09:00,1997-05-28 00:00:00,38.85,39,331.5
quiet/QUIET_Wind_1997-05-24_17-18.csv,0,1997-05-24 17:18:00,1997-05-26 08:09:00,38.85,39,303.4
icme/ICME_Wind_1997-05-16_06-01.csv,1,1997-05-16 06:01:00,1997-05-16 13:26:00,7.42,7,491.0
quiet/QUIET_Wind_1997-05-15_21-36.csv,0,1997-05-15 21:36:00,1997-05-16 05:01:00,7.42,8,492.1
icme/ICME_Wind_1997-05-15_01-15.csv,1,1997-05-15 01:15:00,1997-05-16 02:37:00,25.37,25,451.2
quiet/QUIET_Wind_1997-05-13_22-53.csv,0,1997-05-13 22:53:00,1997-05-15 00:15:00,25.37,26,295.0
icme/ICME_Wind_1997-04-21_10-11.csv,1,1997-04-21 10:11:00,1997-04-23 07:11:00,45.0,45,363.8
quiet/QUIET_Wind_1997-04-19_12-11.csv,0,1997-04-19 12:11:00,1997-04-21 09:11:00,45.0,45,404.7
icme/ICME_Wind_1997-04-10_17-02.csv,1,1997-04-10 17:02:00,1997-04-11 19:10:00,26.13,26,446.2
quiet/QUIET_Wind_1997-04-09_13-54.csv,0,1997-04-09 13:54:00,1997-04-10 16:02:00,26.13,27,297.9
icme/ICME_Wind_1997-02-09_12-50.csv,1,1997-02-09 12:50:00,1997-02-10 18:28:00,29.63,30,520.1
quiet/QUIET_Wind_1997-02-08_06-12.csv,0,1997-02-08 06:12:00,1997-02-09 11:50:00,29.63,29,520.5
icme/ICME_Wind_1997-01-10_00-52.csv,1,1997-01-10 00:52:00,1997-01-11 03:06:00,26.23,27,438.1
quiet/QUIET_Wind_1997-01-08_21-38.csv,0,1997-01-08 21:38:00,1997-01-09 23:52:00,26.23,26,400.2
icme/ICME_Wind_1996-12-24_01-26.csv,1,1996-12-24 01:26:00,1996-12-25 11:44:00,34.3,34,351.2
quiet/QUIET_Wind_1996-12-22_14-08.csv,0,1996-12-22 14:08:00,1996-12-24 00:26:00,34.3,34,395.6
icme/ICME_Wind_1996-08-07_08-23.csv,1,1996-08-07 08:23:00,1996-08-08 13:12:00,28.82,29,347.0
quiet/QUIET_Wind_1996-08-06_02-34.csv,0,1996-08-06 02:34:00,1996-08-07 07:23:00,28.82,29,366.7
icme/ICME_Wind_1996-07-02_16-04.csv,1,1996-07-02 16:04:00,1996-07-02 22:47:00,6.72,6,390.2
quiet/QUIET_Wind_1996-07-02_08-21.csv,0,1996-07-02 08:21:00,1996-07-02 15:04:00,6.72,7,343.4
icme/ICME_Wind_1996-07-01_13-05.csv,1,1996-07-01 13:05:00,1996-07-02 10:17:00,21.2,21,354.0
quiet/QUIET_Wind_1996-06-30_14-53.csv,0,1996-06-30 14:53:00,1996-07-01 12:05:00,21.2,22,345.6
icme/ICME_Wind_1996-05-27_14-45.csv,1,1996-05-27 14:45:00,1996-05-29 02:22:00,35.62,36,369.7
quiet/QUIET_Wind_1996-05-26_02-08.csv,0,1996-05-26 02:08:00,1996-05-27 13:45:00,35.62,35,411.0
icme/ICME_Wind_1996-05-16_22-47.csv,1,1996-05-16 22:47:00,1996-05-17 11:58:00,13.18,13,423.0
quiet/QUIET_Wind_1996-05-16_08-36.csv,0,1996-05-16 08:36:00,1996-05-16 21:47:00,13.18,13,427.8
icme/ICME_Wind_1996-04-04_11-59.csv,1,1996-04-04 11:59:00,1996-04-04 21:36:00,9.62,10,389.9
quiet/QUIET_Wind_1996-04-04_01-22.csv,0,1996-04-04 01:22:00,1996-04-04 10:59:00,9.62,9,362.3
icme/ICME_Wind_1996-02-15_15-07.csv,1,1996-02-15 15:07:00,1996-02-16 08:59:00,17.87,17,387.8
quiet/QUIET_Wind_1996-02-14_20-15.csv,0,1996-02-14 20:15:00,1996-02-15 14:07:00,17.87,18,483.7
icme/ICME_Wind_1995-12-15_14-52.csv,1,1995-12-15 14:52:00,1995-12-16 19:11:00,28.32,29,390.6
quiet/QUIET_Wind_1995-12-14_09-33.csv,0,1995-12-14 09:33:00,1995-12-15 13:52:00,28.32,28,320.3
icme/ICME_Wind_1995-10-18_10-40.csv,1,1995-10-18 10:40:00,1995-10-20 02:23:00,39.72,40,406.0
quiet/QUIET_Wind_1995-10-16_17-57.csv,0,1995-10-16 17:57:00,1995-10-18 09:40:00,39.72,40,316.3
icme/ICME_Wind_1995-09-26_15-57.csv,1,1995-09-26 15:57:00,1995-09-27 21:21:00,29.4,30,370.5
quiet/QUIET_Wind_1995-09-25_09-33.csv,0,1995-09-25 09:33:00,1995-09-26 14:57:00,29.4,29,322.8
icme/ICME_Wind_1995-08-22_12-56.csv,1,1995-08-22 12:56:00,1995-08-23 18:43:00,29.78,30,363.4
quiet/QUIET_Wind_1995-08-21_06-09.csv,0,1995-08-21 06:09:00,1995-08-22 11:56:00,29.78,29,347.0
icme/ICME_Wind_1995-06-30_09-21.csv,1,1995-06-30 09:21:00,1995-07-02 16:47:00,55.43,55,406.5
quiet/QUIET_Wind_1995-06-28_08-21.csv,0,1995-06-28 08:21:00,1995-06-30 08:21:00,48.0,48,378.0
icme/ICME_Wind_1995-05-13_10-19.csv,1,1995-05-13 10:19:00,1995-05-13 15:59:00,5.67,5,331.6
quiet/QUIET_Wind_1995-05-13_03-19.csv,0,1995-05-13 03:19:00,1995-05-13 09:19:00,6.0,6,336.0
icme/ICME_Wind_1995-04-05_07-11.csv,1,1995-04-05 07:11:00,1995-04-06 17:15:00,34.07,34,338.9
quiet/QUIET_Wind_1995-04-03_20-07.csv,0,1995-04-03 20:07:00,1995-04-05 06:11:00,34.07,34,285.7
icme/ICME_Wind_1995-04-03_06-43.csv,1,1995-04-03 06:43:00,1995-04-04 13:25:00,30.7,31,303.2
quiet/QUIET_Wind_1995-04-01_23-01.csv,0,1995-04-01 23:01:00,1995-04-03 05:43:00,30.7,30,361.0
icme/ICME_Wind_1995-03-06_02-11.csv,1,1995-03-06 02:11:00,1995-03-07 02:23:00,24.2,24,454.6
quiet/QUIET_Wind_1995-03-05_00-59.csv,0,1995-03-05 00:59:00,1995-03-06 01:11:00,24.2,25,435.7
icme/ICME_Wind_1995-03-04_00-36.csv,1,1995-03-04 00:36:00,1995-03-05 03:06:00,26.5,27,440.3
quiet/QUIET_Wind_1995-03-02_21-06.csv,0,1995-03-02 21:06:00,1995-03-03 23:36:00,26.5,26,491.7
icme/ICME_Wind_1995-02-07_19-11.csv,1,1995-02-07 19:11:00,1995-02-10 21:36:00,74.42,74,385.5
quiet/QUIET_Wind_1995-02-05_18-11.csv,0,1995-02-05 18:11:00,1995-02-07 18:11:00,48.0,48,390.8
